Date,Sales,rolling_mean,rolling_std,log_sales,year,month,dayofweek
03-01-2015,16.448,,,2.859225029,2015,1,5
04-01-2015,288.06,,,5.666634279,2015,1,6
05-01-2015,19.536,,,3.022179444,2015,1,0
06-01-2015,4407.1,,,8.391199037,2015,1,1
07-01-2015,87.158,,,4.479130659,2015,1,2
09-01-2015,40.544,,,3.726753107,2015,1,4
10-01-2015,54.83,,,4.022311359,2015,1,5
11-01-2015,9.94,,,2.392425797,2015,1,6
13-01-2015,3553.795,,,8.176052675,2015,1,1
14-01-2015,61.96,,,4.142499604,2015,1,2
15-01-2015,149.95,,,5.016948656,2015,1,3
16-01-2015,299.964,,,5.706990656,2015,1,4
18-01-2015,64.864,,,4.18759201,2015,1,6
19-01-2015,378.594,,,5.93910226,2015,1,0
20-01-2015,2673.87,,,7.89165606,2015,1,1
23-01-2015,40.08,,,3.715521385,2015,1,4
26-01-2015,1097.25,,,7.001473283,2015,1,0
27-01-2015,426.67,,,6.05835187,2015,1,1
28-01-2015,3.928,,,1.594933226,2015,1,2
30-01-2015,240.5,,,5.486869473,2015,1,4
31-01-2015,290.666,,,5.675609312,2015,1,5
01-02-2015,468.9,,,6.152519906,2015,2,6
02-02-2015,211.646,,,5.359628811,2015,2,0
03-02-2015,97.112,,,4.586109683,2015,2,1
04-02-2015,134.384,,,4.908115185,2015,2,2
06-02-2015,330.512,,,5.803664008,2015,2,4
07-02-2015,180.32,,,5.200263426,2015,2,5
08-02-2015,14.56,,,2.744703519,2015,2,6
11-02-2015,2043.4,,,7.622859627,2015,2,2
12-02-2015,129.568,593.8703,1100.740709,4.871894164,2015,2,3
14-02-2015,576.726,612.5462333,1095.345746,6.359099708,2015,2,5
15-02-2015,21.36,603.6562333,1099.145839,3.107273648,2015,2,6
16-02-2015,9.04,603.3063667,1099.339834,2.306577114,2015,2,0
17-02-2015,54.208,458.2099667,835.6077305,4.01110787,2015,2,1
18-02-2015,37.784,456.5641667,836.4119854,3.65800779,2015,2,2
20-02-2015,95.59,458.3990333,835.5277878,4.570475216,2015,2,4
21-02-2015,8.85,456.8663667,836.3353917,2.287471455,2015,2,5
22-02-2015,19.44,457.1830333,836.1621147,3.017493765,2015,2,6
23-02-2015,11.364,339.102,600.7839821,2.514789024,2015,2,0
24-02-2015,55.672,338.8924,600.8850932,4.037280262,2015,2,1
27-02-2015,19.456,334.5426,602.7693767,3.018276238,2015,2,4
01-03-2015,2203.151,397.9821667,692.4808235,7.69809768,2015,3,6
02-03-2015,47.76,397.4120333,692.7715237,3.886910305,2015,3,0
03-03-2015,1345.892,429.6553,714.0489315,7.205554995,2015,3,1
04-03-2015,370.452,352.8747,574.6440582,5.91741965,2015,3,2
05-03-2015,705.562,375.0574333,574.9975596,6.560410955,2015,3,3
07-03-2015,1561.062,390.5178333,600.7442976,7.353762022,2015,3,5
10-03-2015,741.956,401.0273667,604.1467599,6.610636824,2015,3,1
11-03-2015,918.314,431.5069,606.4831753,6.82362774,2015,3,2
14-03-2015,2108.55,493.7752333,677.8898033,7.654229934,2015,3,5
15-03-2015,370.782,496.4457667,677.2195437,5.918307661,2015,3,6
16-03-2015,471.92,496.5464333,677.2155323,6.158926241,2015,3,0
17-03-2015,3960.358,621.5035,923.792776,8.284342175,2015,3,1
18-03-2015,28106.716,1555.156967,5098.20474,10.24379941,2015,3,2
19-03-2015,590.762,1570.369567,5094.498638,6.383104527,2015,3,3
21-03-2015,4109.816,1696.346367,5109.487495,8.321376828,2015,3,5
22-03-2015,464.093,1705.805467,5106.846114,6.142237386,2015,3,6
23-03-2015,945.064,1736.822267,5099.039784,6.85231022,2015,3,0
24-03-2015,65.38,1670.888267,5107.720003,4.195395806,2015,3,1
25-03-2015,459.146,1681.8742,5104.644051,6.13154383,2015,3,2
26-03-2015,145.13,1667.487667,5108.47287,4.984496636,2015,3,3
28-03-2015,1493.216,1716.549533,5099.177686,7.309356934,2015,3,5
29-03-2015,890.841,1745.9429,5091.531393,6.793287866,2015,3,6
30-03-2015,1170.322,1783.1467,5082.813891,7.065888304,2015,3,0
31-03-2015,1959.552,1847.205633,5072.157386,7.580981345,2015,3,1
01-04-2015,119.888,1848.015567,5071.869971,4.794864497,2015,4,2
02-04-2015,1458.558,1896.339167,5060.636383,7.285888929,2015,4,3
04-04-2015,475.844,1911.552633,5055.48282,6.167189393,2015,4,5
05-04-2015,5179.738,2083.831767,5076.515251,8.552702796,2015,4,6
06-04-2015,1650.69,2136.999033,5062.87564,7.409554285,2015,4,0
07-04-2015,1021.17,2170.3895,5051.719478,6.929683097,2015,4,1
08-04-2015,1958.75,2162.2428,5051.861889,7.580572193,2015,4,2
11-04-2015,1915.24,2224.492133,5036.390577,7.558120212,2015,4,5
12-04-2015,1872.443,2242.043833,5034.1401,7.535533193,2015,4,6
13-04-2015,638.576,2250.9813,5030.939744,6.460805457,2015,4,0
15-04-2015,294.72,2237.286567,5035.848378,5.689413061,2015,4,2
16-04-2015,39.072,2186.553567,5050.540941,3.690677836,2015,4,3
18-04-2015,1020.532,2195.839433,5048.048812,6.92905874,2015,4,5
19-04-2015,205.47,2172.077967,5055.941089,5.330155123,2015,4,6
20-04-2015,1250.45,2143.474633,5058.739404,7.132058158,2015,4,0
21-04-2015,845.36,2159.2939,5053.744399,6.740944801,2015,4,1
22-04-2015,257.752,2152.154967,5056.360771,5.555870074,2015,4,2
23-04-2015,362.608,2032.229967,5054.660407,5.896076364,2015,4,3
25-04-2015,2379.994,1174.672567,1161.42214,7.775273327,2015,4,5
26-04-2015,282.568,1164.399433,1168.108892,5.647451953,2015,4,6
28-04-2015,2578.476,1113.354767,1063.757818,7.855341557,2015,4,1
29-04-2015,768.844,1123.513133,1058.787388,6.646187897,2015,4,2
30-04-2015,1048.74,1126.969,1058.353958,6.956297793,2015,4,3
02-05-2015,506.12,1141.660333,1046.097627,6.228747662,2015,5,5
03-05-2015,72.632,1128.776533,1057.115514,4.299079714,2015,5,6
04-05-2015,187.432,1130.1866,1055.785579,5.238737199,2015,5,0
05-05-2015,260.977,1089.111967,1065.103746,5.568256714,2015,5,1
06-05-2015,254.456,1067.899133,1075.47541,5.543050183,2015,5,2
07-05-2015,1091.35,1065.266733,1075.312705,6.996086618,2015,5,3
08-05-2015,1799.97,1059.947333,1071.122821,7.496080688,2015,5,4
09-05-2015,394.48,1069.1004,1063.962028,5.980100217,2015,5,5
10-05-2015,2343.799,1098.608433,1087.15856,7.759954963,2015,5,6
11-05-2015,1642.802,1137.507033,1084.982383,7.40476713,2015,5,0
12-05-2015,734.846,989.3439667,772.4201164,6.601020858,2015,5,1
13-05-2015,898.382,964.2670333,762.3552927,6.801707861,2015,5,2
14-05-2015,310.88,940.5907,771.5019338,5.742618498,2015,5,3
16-05-2015,289.28,884.9417,755.5745636,5.670845974,2015,5,5
17-05-2015,91.68,824.1563667,743.0783722,4.5291527,2015,5,6
18-05-2015,944.964,793.2404,716.789159,6.852204513,2015,5,0
19-05-2015,91.62,775.0085333,727.731296,4.528505101,2015,5,1
20-05-2015,320.104,775.8546667,727.1681473,5.771765058,2015,5,2
21-05-2015,4264.328,916.6965333,953.504181,8.358274362,2015,5,3
22-05-2015,180.93,888.7098,962.629469,5.203621998,2015,5,4
23-05-2015,323.758,892.6527333,959.9730035,5.78308029,2015,5,5
24-05-2015,116.28,854.8470667,967.6982028,4.764564238,2015,5,6
25-05-2015,119.54,830.6530667,976.9724615,4.791981648,2015,5,0
26-05-2015,1325.718,866.2519333,974.8321837,7.190463502,2015,5,1
27-05-2015,2157.394,926.0781333,997.6636708,7.677119706,2015,5,2
28-05-2015,221.968,854.1439333,966.5315711,5.407028263,2015,5,3
30-05-2015,1924.913,908.8887667,979.4659436,7.56315542,2015,5,5
31-05-2015,773.7,848.7295667,927.425675,6.652475858,2015,5,6
01-06-2015,5188.52,996.0521,1219.379641,8.554396486,2015,6,0
02-06-2015,738.598,985.7140333,1220.231957,6.606106795,2015,6,1
03-06-2015,531.16,986.5487,1219.901111,6.276944196,2015,6,2
04-06-2015,456.272,999.3367,1211.975397,6.1252784,2015,6,3
06-06-2015,1374.001,1038.889,1203.900258,7.226209737,2015,6,5
07-06-2015,281.397,1039.569667,1203.450961,5.643313882,2015,6,6
08-06-2015,2501.264,1114.463267,1222.66537,7.824951201,2015,6,0
09-06-2015,5463.008,1260.1852,1457.734049,8.605937865,2015,6,1
10-06-2015,491.55,1216.5712,1460.597837,6.199595978,2015,6,2
13-06-2015,14.52,1203.905867,1469.591968,2.742129515,2015,6,5
14-06-2015,212.94,1132.877233,1464.082872,5.365695602,2015,6,6
15-06-2015,942.974,1109.549633,1461.250476,6.850098623,2015,6,0
16-06-2015,763.792,1110.5145,1461.004063,6.639603901,2015,6,1
17-06-2015,3356.486,1192.4513,1516.56863,8.118947759,2015,6,2
18-06-2015,139.8,1186.748633,1520.314884,4.947340444,2015,6,3
20-06-2015,1828.9496,1238.070953,1514.952097,7.512043704,2015,6,5
21-06-2015,4107.443,1371.92972,1585.917057,8.320799404,2015,6,6
22-06-2015,1975.498,1406.280853,1587.509971,7.589081871,2015,6,0
23-06-2015,109.496,1406.87672,1587.002776,4.704979321,2015,6,1
24-06-2015,4.272,1396.348987,1595.48562,1.662409797,2015,6,2
25-06-2015,792.76,1280.630053,1503.546915,6.676781149,2015,6,3
27-06-2015,616.14,1295.137053,1494.643767,6.425095903,2015,6,5
28-06-2015,1645.791,1339.20482,1484.470898,7.406583825,2015,6,6
29-06-2015,46.68,1336.88482,1486.501046,3.864512023,2015,6,0
30-06-2015,739.624,1357.554287,1473.242386,6.607493074,2015,6,1
01-07-2015,601.024,1333.39782,1479.709538,6.400297312,2015,7,2
02-07-2015,79.56,1264.136687,1488.413824,4.389002248,2015,7,3
04-07-2015,247.408,1264.984687,1487.806713,5.515072556,2015,7,5
05-07-2015,1444.104,1248.95772,1483.034728,7.27593657,2015,7,6
06-07-2015,1038.472,1257.783453,1480.895182,6.946468171,2015,7,0
07-07-2015,241.194,1092.872587,1291.422126,5.489739058,2015,7,1
08-07-2015,763.074,1093.688453,1291.198305,6.638664643,2015,7,2
09-07-2015,265.521,1084.83382,1296.090537,5.58545304,2015,7,3
11-07-2015,2022.356,1137.03662,1301.428574,7.612512798,2015,7,5
12-07-2015,1960.012,1156.57032,1309.480853,7.581215946,2015,7,6
13-07-2015,351.216,1158.89762,1307.932928,5.864244624,2015,7,0
14-07-2015,292.594,1085.275287,1291.829694,5.682197861,2015,7,1
15-07-2015,9.51,903.49202,1006.82614,2.352327185,2015,7,2
18-07-2015,273.04,896.2083533,1010.691968,5.613274081,2015,7,5
19-07-2015,461.326,911.1018867,1000.492002,6.13627027,2015,7,6
20-07-2015,2285.786,980.1967533,1021.959688,7.734902617,2015,7,0
21-07-2015,1961.482,1014.14702,1037.480421,7.581965278,2015,7,1
22-07-2015,1348.344,1033.632087,1038.10542,7.207373827,2015,7,2
23-07-2015,2613.184,1008.855353,988.4355524,7.868707282,2015,7,3
25-07-2015,8341.29,1282.238353,1651.544033,9.029093038,2015,7,5
26-07-2015,5039.994,1389.273167,1786.717988,8.525358564,2015,7,6
27-07-2015,580.06,1271.693733,1716.352436,6.364854022,2015,7,0
28-07-2015,193.152,1212.2822,1721.988874,5.268641357,2015,7,1
30-07-2015,1367.84,1254.227,1709.48071,7.221718945,2015,7,3
01-08-2015,228.328,1261.695533,1704.313114,5.435153293,2015,8,5
02-08-2015,886.28,1264.812867,1703.511154,6.788160603,2015,8,6
03-08-2015,477.994,1260.208,1705.510628,6.171688071,2015,8,0
04-08-2015,2743.154,1296.786767,1725.713675,7.91722811,2015,8,1
05-08-2015,2408.724,1375.521567,1720.587364,7.787267497,2015,8,2
06-08-2015,262.89,1359.630433,1728.844669,5.57553235,2015,8,3
08-08-2015,3955.629,1471.4506,1785.640281,8.283147679,2015,8,5
09-08-2015,3605.685,1588.9881,1806.787684,8.190544347,2015,8,6
11-08-2015,451.62,1595.795167,1801.937169,6.115052921,2015,8,1
12-08-2015,1545.73,1599.1827,1801.737679,7.343898304,2015,8,2
15-08-2015,337.5,1575.816967,1813.765081,5.824524092,2015,8,5
16-08-2015,853.092,1596.213567,1801.639116,6.750038916,2015,8,6
17-08-2015,500.342,1587.455833,1806.460758,6.217288503,2015,8,0
19-08-2015,1439.106,1626.575333,1789.474008,7.272472001,2015,8,2
20-08-2015,1838.722,1620.4542,1788.387246,7.517369752,2015,8,3
22-08-2015,23.104,1555.8906,1810.531583,3.182377802,2015,8,5
23-08-2015,565.224,1563.0242,1806.037447,6.33898976,2015,8,6
24-08-2015,59.74,1555.2624,1812.17558,4.10660246,2015,8,0
25-08-2015,1451.65,1603.333733,1788.733795,7.281144754,2015,8,1
26-08-2015,366.81,1606.4594,1786.409475,5.9075665,2015,8,2
27-08-2015,2070.13,1660.0862,1774.958867,7.635849631,2015,8,3
29-08-2015,832.3225,1611.637417,1777.126356,6.725420722,2015,8,5
30-08-2015,121.24,1550.296017,1796.290955,4.805986325,2015,8,6
31-08-2015,92.52,1508.435217,1815.687683,4.538175317,2015,8,0
01-09-2015,469.436,1436.97695,1812.892451,6.153659924,2015,9,1
02-09-2015,3254.15,1267.405617,1314.124045,8.087993637,2015,9,2
03-09-2015,22.08,1100.141817,1122.801847,3.138966442,2015,9,3
05-09-2015,296.304,1090.683283,1128.514768,5.694755184,2015,9,5
06-09-2015,100.36,1087.590217,1131.183583,4.618678536,2015,9,6
07-09-2015,3523.875,1159.45805,1214.988387,8.167600254,2015,9,0
08-09-2015,14228.428,1626.12805,2666.569877,9.563067494,2015,9,1
09-09-2015,4043.588,1731.37165,2698.477881,8.30513497,2015,9,2
10-09-2015,1855.228,1777.27945,2688.114725,7.526301751,2015,9,3
11-09-2015,127.95,1690.105983,2698.098053,4.859424732,2015,9,4
12-09-2015,4904.66,1773.30385,2758.82002,8.49814492,2015,9,5
13-09-2015,1275.408,1807.05445,2745.867907,7.151805162,2015,9,6
14-09-2015,5023.716,1842.65735,2781.381685,8.522124214,2015,9,0
15-09-2015,133.436,1726.915717,2777.729944,4.901088249,2015,9,1
16-09-2015,33.552,1712.980117,2785.386751,3.542465436,2015,9,2
17-09-2015,820.523,1688.80655,2790.031377,6.711159935,2015,9,3
19-09-2015,9338.637,1988.84445,3105.818631,9.142022665,2015,9,5
20-09-2015,5335.968,2138.27365,3156.7148,8.58241298,2015,9,6
21-09-2015,2679.652,2210.917317,3142.767059,7.893815327,2015,9,0
22-09-2015,1240.266,2204.289317,3144.660018,7.123887106,2015,9,1
23-09-2015,10662.337,2498.409817,3501.661858,9.274566688,2015,9,2
24-09-2015,211.96,2504.705017,3497.225316,5.361104355,2015,9,3
25-09-2015,354.8888,2497.693843,3501.455908,5.874618323,2015,9,4
26-09-2015,1326.79,2539.928843,3478.602047,7.191271185,2015,9,5
27-09-2015,773.44,2517.321843,3488.109326,6.652140188,2015,9,6
28-09-2015,490.292,2521.43791,3485.556078,6.197038656,2015,9,0
29-09-2015,8109.07,2722.73591,3629.981766,9.000861778,2015,9,1
30-09-2015,987.532,2727.90956,3627.304156,6.896221014,2015,9,2
01-10-2015,4.71,2724.025227,3630.252983,1.742219024,2015,10,3
02-10-2015,598.144,2740.87936,3618.770005,6.39550197,2015,10,4
03-10-2015,862.683,2753.987593,3610.962266,6.761205803,2015,10,5
04-10-2015,728.748,2669.807527,3628.295175,6.592699269,2015,10,6
05-10-2015,191.9,2675.468193,3624.152,5.26217192,2015,10,0
06-10-2015,494.71,2682.081727,3619.839136,6.205991078,2015,10,1
07-10-2015,237.36,2686.648393,3616.55474,5.473782136,2015,10,2
08-10-2015,147.392,2574.09896,3642.050534,4.999857421,2015,10,3
09-10-2015,249.36,2108.130027,2922.7918,5.522899882,2015,10,4
10-10-2015,2049.386,2041.656627,2899.842666,7.625783347,2015,10,5
11-10-2015,1381.164,2025.854493,2902.184319,7.231405666,2015,10,6
12-10-2015,58.53,2023.540493,2903.776995,4.086480387,2015,10,0
13-10-2015,2212.182,1933.791227,2852.819491,7.702186578,2015,10,1
14-10-2015,4525.484,2042.127093,2888.443654,8.417700758,2015,10,2
15-10-2015,206.724,1881.560693,2850.622924,5.336210275,2015,10,3
16-10-2015,194.322,1883.590227,2849.356803,5.274649479,2015,10,4
17-10-2015,136.068,1887.007427,2847.122163,4.920477153,2015,10,5
18-10-2015,3134.916,1964.15386,2848.583273,8.050676595,2015,10,6
19-10-2015,641.104,1674.236093,2492.500913,6.464750284,2015,10,0
20-10-2015,1501.104,1546.407293,2394.647418,7.314622071,2015,10,1
21-10-2015,1356.602,1502.305627,2385.221635,7.213475187,2015,10,2
22-10-2015,223.808,1468.423693,2396.26604,5.415246705,2015,10,3
24-10-2015,56.49,1114.89546,1663.364741,4.05161102,2015,10,5
25-10-2015,103.882,1111.29286,1665.503465,4.652835909,2015,10,6
26-10-2015,447.88,1114.392567,1664.133131,6.106755591,2015,10,0
27-10-2015,22.32,1070.910233,1675.396213,3.149311361,2015,10,1
28-10-2015,1510.582,1095.481633,1676.288303,7.320912063,2015,10,2
29-10-2015,2813.812,1172.9323,1700.859604,7.942650753,2015,10,3
31-10-2015,5362.026,1081.364167,1352.924501,8.587283647,2015,10,5
01-11-2015,4637.816,1203.0403,1500.311798,8.44221444,2015,11,6
02-11-2015,2126.37,1273.7623,1491.858635,7.662641754,2015,11,0
03-11-2015,2784.163,1346.6296,1510.984884,7.932061678,2015,11,1
04-11-2015,6693.748,1540.998433,1794.947678,8.809078617,2015,11,2
05-11-2015,1694.564,1573.1923,1788.526808,7.435770708,2015,11,3
07-11-2015,1302.454,1610.210767,1770.351961,7.172772943,2015,11,5
08-11-2015,333.576,1604.839633,1774.093502,5.812864059,2015,11,6
09-11-2015,1574.094,1649.397433,1755.250327,7.362070232,2015,11,0
10-11-2015,2002.556,1711.236233,1733.047815,7.602678881,2015,11,1
11-11-2015,7836.978,1964.156833,2039.00544,8.966736172,2015,11,2
12-11-2015,901.6492,1925.89894,2048.098368,6.805333995,2015,11,3
14-11-2015,1034.73,1914.35114,2052.248104,6.942861771,2015,11,5
15-11-2015,1780.822,1971.760873,2022.416,7.485391715,2015,11,6
16-11-2015,1355.9285,1943.21909,2024.946453,7.212978969,2015,11,0
17-11-2015,11544.274,2177.178757,2644.329558,9.354031455,2015,11,1
18-11-2015,3406.855,2283.84979,2626.587769,8.13383834,2015,11,2
19-11-2015,7226.086,2518.241923,2744.783882,8.885591191,2015,11,3
20-11-2015,907.56,2543.958323,2725.239767,6.811860929,2015,11,4
21-11-2015,1249.622,2481.11519,2732.869022,7.131396307,2015,11,5
22-11-2015,1103.298,2496.521657,2723.424808,7.006965118,2015,11,6
23-11-2015,1363.28,2491.927523,2725.277493,7.218382096,2015,11,0
24-11-2015,5572.864,2632.46959,2773.008004,8.625843809,2015,11,1
25-11-2015,4415.695,2772.199157,2752.99298,8.393146958,2015,11,2
26-11-2015,1705.99,2827.18249,2713.066535,7.442486865,2015,11,3
27-11-2015,203.66,2830.508423,2709.671971,5.321350066,2015,11,4
28-11-2015,2280.83,2891.606757,2674.532389,7.732733032,2015,11,5
29-11-2015,649.044,2912.497557,2653.714183,6.477040053,2015,11,6
30-11-2015,219.154,2869.449957,2687.499219,5.394327301,2015,11,0
01-12-2015,5624.39,2963.13589,2734.077395,8.635045558,2015,12,1
02-12-2015,1771.808,2843.461957,2703.861413,7.480320009,2015,12,2
03-12-2015,505.88,2705.730757,2714.524256,6.228274289,2015,12,3
04-12-2015,129.98,2639.184423,2753.409152,4.87504464,2015,12,4
05-12-2015,2963.642,2645.167057,2753.929963,7.994511562,2015,12,5
06-12-2015,1970.978,2487.74139,2647.443888,7.586792379,2015,12,6
07-12-2015,548.4,2449.535923,2667.479373,6.308826774,2015,12,0
08-12-2015,1095.12,2442.62479,2670.820309,6.999531951,2015,12,1
09-12-2015,1522.652,2482.260657,2647.160389,7.328865364,2015,12,2
10-12-2015,573.336,2448.902057,2665.243267,6.353214591,2015,12,3
12-12-2015,4938.4045,2546.763673,2701.935572,8.505000056,2015,12,5
13-12-2015,293.152,2295.302807,2538.725176,5.684096641,2015,12,6
14-12-2015,7641.658,2519.969767,2703.992108,8.941500727,2015,12,0
15-12-2015,1264.466,2527.627633,2699.963088,7.143195713,2015,12,1
16-12-2015,4065.595,2603.786733,2710.374947,8.310561319,2015,12,2
17-12-2015,45.534,2560.106917,2741.558249,3.840183228,2015,12,3
19-12-2015,3436.76,2289.85645,2164.209742,8.142575375,2015,12,5
20-12-2015,6962.44,2408.37595,2319.291327,8.848428884,2015,12,6
21-12-2015,1933.44,2231.954417,2134.089104,7.567573158,2015,12,0
22-12-2015,798.968,2228.334683,2136.503664,6.684571727,2015,12,1
23-12-2015,942.108,2218.084217,2142.091611,6.849180804,2015,12,2
24-12-2015,1950.202,2246.31435,2132.452384,7.576200872,2015,12,3
26-12-2015,2041.414,2268.918817,2126.354721,7.621887721,2015,12,5
27-12-2015,2966.388,2182.036283,2038.12033,7.995437384,2015,12,6
28-12-2015,2682.326,2124.257317,1996.764677,7.894812349,2015,12,0
29-12-2015,2072.096,2136.46085,1995.238397,7.636798421,2015,12,1
30-12-2015,2172.651,2202.093883,1961.567559,7.684163521,2015,12,2
31-12-2015,5253.27,2301.175217,2039.215826,8.566796358,2015,12,3
02-01-2016,1932.096,2343.943617,2016.70132,7.566878142,2016,1,5
03-01-2016,1768.2216,2395.579203,1979.917972,7.478294955,2016,1,6
04-01-2016,264.46,2216.91487,1919.419827,5.58146417,2016,1,0
05-01-2016,295.272,2167.697003,1949.915302,5.691277951,2016,1,1
06-01-2016,31.538,2151.885603,1965.714404,3.482408637,2016,1,2
09-01-2016,364.07,2159.688603,1957.860516,5.900089116,2016,1,5
10-01-2016,1018.104,2094.837337,1962.528453,6.926679089,2016,1,6
12-01-2016,747.496,2054.054603,1977.843745,6.61806586,2016,1,1
13-01-2016,622.278,2056.517203,1975.949506,6.434992647,2016,1,2
17-01-2016,350.384,2031.69267,1993.048568,5.861879643,2016,1,6
19-01-2016,301.742,1990.99567,2016.132819,5.712880958,2016,1,1
23-01-2016,43.66,1973.339803,2031.238455,3.799078246,2016,1,5
24-01-2016,13.12,1809.163653,1981.763399,2.647592232,2016,1,6
26-01-2016,182.72,1805.482587,1984.776719,5.213412859,2016,1,1
27-01-2016,3573.252,1669.869053,1689.24748,8.181511202,2016,1,2
28-01-2016,4297.644,1770.974987,1753.689034,8.366054903,2016,1,3
30-01-2016,2161.64,1707.50982,1701.458147,7.679084977,2016,1,5
31-01-2016,99.26,1709.300687,1699.675858,4.607766812,2016,1,6
03-02-2016,492.836,1611.169887,1681.387191,6.202203478,2016,2,2
06-02-2016,2432.544,1460.173353,1356.203991,7.79710391,2016,2,5
07-02-2016,324.11,1406.52902,1368.610116,5.784163587,2016,2,6
08-02-2016,129.092,1384.19982,1384.239777,4.868241892,2016,2,0
09-02-2016,785.552,1378.981287,1386.257553,6.667658836,2016,2,1
10-02-2016,77.24,1316.54922,1401.734079,4.359781026,2016,2,2
14-02-2016,1079.962,1284.50082,1395.567194,6.985606664,2016,2,6
15-02-2016,1602.38,1239.033887,1360.66555,7.37986918,2016,2,0
16-02-2016,160.43,1154.970687,1346.249029,5.084071612,2016,2,1
18-02-2016,105.844,1089.428953,1347.92156,4.671369827,2016,2,3
20-02-2016,316.78,1027.566587,1339.051276,5.761359319,2016,2,5
21-02-2016,2591.1,938.8275867,1119.583056,7.860223637,2016,2,6
22-02-2016,79.36,877.06972,1113.98944,4.38651654,2016,2,0
23-02-2016,37.776,819.3882,1111.051835,3.657801499,2016,2,1
25-02-2016,25.87,811.4352,1116.003917,3.291010423,2016,2,3
27-02-2016,1159.271,840.2351667,1113.369532,7.056408878,2016,2,5
28-02-2016,551.264,857.5593667,1104.359217,6.314026193,2016,2,6
01-03-2016,1642.1744,900.1628467,1109.307122,7.40438526,2016,3,1
02-03-2016,899.57,896.2117133,1109.083628,6.803027896,2016,3,2
05-03-2016,1969.267,936.9374133,1125.741167,7.585924346,2016,3,5
06-03-2016,1555.244,968.03628,1129.628874,7.350030505,2016,3,6
07-03-2016,807.54,983.2748133,1124.079374,6.695230152,2016,3,0
08-03-2016,2563.296,1058.659947,1152.277672,7.849439256,2016,3,1
09-03-2016,478.008,1073.138213,1141.765335,6.171717299,2016,3,2
10-03-2016,90.932,1075.731947,1139.360119,4.521049173,2016,3,3
12-03-2016,51.016,1071.341813,1143.167065,3.951551364,2016,3,5
13-03-2016,1384.856,998.39528,1043.488808,7.234073278,2016,3,6
14-03-2016,707.9,878.7371467,837.6280382,6.563714473,2016,3,0
15-03-2016,16.776,807.24168,815.5977376,2.877849233,2016,3,1
16-03-2016,7230.21,1044.940013,1418.462736,8.886161659,2016,3,2
17-03-2016,48.84,1030.140147,1426.714151,3.908817874,2016,3,3
19-03-2016,5203.89,1122.518347,1599.8634,8.557353847,2016,3,5
20-03-2016,102.52,1115.132013,1604.182337,4.639764831,2016,3,6
21-03-2016,1270.379,1153.174913,1593.489307,7.147857417,2016,3,0
22-03-2016,2481.424,1209.70398,1609.993252,7.816990781,2016,3,1
23-03-2016,633.302,1228.23938,1599.673756,6.452525182,2016,3,2
24-03-2016,412.95,1206.005647,1606.426835,6.025745194,2016,3,3
26-03-2016,131.16,1156.96498,1616.335137,4.88401331,2016,3,5
27-03-2016,83.7,1154.407313,1618.02624,4.439115602,2016,3,6
28-03-2016,243.344,1158.990647,1615.145767,5.498577068,2016,3,0
29-03-2016,1559.08,1200.400647,1608.720725,7.352492381,2016,3,1
30-03-2016,571.224,1133.071447,1590.676614,6.349530523,2016,3,2
31-03-2016,200.716,1137.116647,1588.056702,5.306860768,2016,3,3
02-04-2016,299.22,1145.831447,1582.523531,5.704515539,2016,4,5
04-04-2016,1484.598,1194.455713,1569.280097,7.303572664,2016,4,0
05-04-2016,2974.058,1254.948613,1602.503701,7.998018814,2016,4,1
06-04-2016,140.004,1241.239947,1610.470234,4.948788259,2016,4,2
07-04-2016,907.436,1216.748667,1609.749379,6.81172444,2016,4,3
09-04-2016,757.992,1212.0294,1610.918415,6.631991237,2016,4,5
10-04-2016,169.542,1152.038567,1615.251558,5.138981601,2016,4,6
11-04-2016,1328.346,1144.4753,1613.829071,7.192442371,2016,4,0
13-04-2016,3192.678,1223.9799,1654.886842,8.06892851,2016,4,2
14-04-2016,35.208,1139.7103,1648.690529,3.589280089,2016,4,3
16-04-2016,4161.972,1262.5091,1732.758045,8.333984521,2016,4,5
17-04-2016,2745.106,1350.981567,1738.62552,7.917939187,2016,4,6
18-04-2016,2006.96,1416.1797,1724.814988,7.60487456,2016,4,0
19-04-2016,329.96,1381.0165,1736.190976,5.801997522,2016,4,1
20-04-2016,1194.726,1397.244033,1731.95258,7.086508811,2016,4,2
21-04-2016,893.09,1426.4545,1715.175815,6.795806441,2016,4,3
22-04-2016,152.916,1190.5447,1333.671799,5.036406999,2016,4,4
24-04-2016,25.99,1189.783033,1334.352668,3.295466427,2016,4,6
25-04-2016,920.946,1047.018233,1098.308718,6.826486654,2016,4,0
26-04-2016,2090.1055,1113.271083,1099.317188,7.645448152,2016,4,1
27-04-2016,2719.59,1161.578117,1137.632457,7.908604048,2016,4,2
28-04-2016,4044.362,1213.67605,1232.030067,8.305326319,2016,4,3
29-04-2016,7.968,1192.831583,1247.382192,2.193662686,2016,4,4
30-04-2016,1571.695,1231.456417,1240.32078,7.360545987,2016,4,5
01-05-2016,450.94,1242.11575,1231.884154,6.113549428,2016,5,6
02-05-2016,167.232,1244.90015,1229.267149,5.125343979,2016,5,0
03-05-2016,2198.76,1310.080683,1226.167463,7.696103542,2016,5,1
04-05-2016,1121.362,1295.490083,1225.706556,7.023190672,2016,5,2
07-05-2016,305.622,1286.636683,1232.061159,5.725615719,2016,5,5
08-05-2016,3981.968,1412.678417,1308.200368,8.289782549,2016,5,6
09-05-2016,48.81,1404.331417,1316.323448,3.908215767,2016,5,0
10-05-2016,154.442,1359.992883,1335.784915,5.046272672,2016,5,1
11-05-2016,191.968,1267.25655,1316.295663,5.262524372,2016,5,2
12-05-2016,1060.35,1297.93475,1299.738321,6.967296962,2016,5,3
13-05-2016,238.384,1275.633017,1312.34863,5.478068957,2016,5,4
14-05-2016,3141.1995,1355.073267,1351.481593,8.052678311,2016,5,5
15-05-2016,69.908,1351.752133,1354.614169,4.261383262,2016,5,6
16-05-2016,255.968,1316.0062,1369.322368,5.548951564,2016,5,0
17-05-2016,47.368,1211.162533,1340.792981,3.878838438,2016,5,1
18-05-2016,10.86,1210.350933,1341.53651,2.473171394,2016,5,2
20-05-2016,169.544,1077.27,1232.208309,5.138993328,2016,5,4
21-05-2016,72.332,988.1775333,1203.756786,4.294997076,2016,5,5
22-05-2016,3862.098,1050.015467,1301.572853,8.259224731,2016,5,6
23-05-2016,1304.956,1082.515333,1295.130035,7.174690619,2016,5,0
24-05-2016,610.307,1063.0347,1297.776574,6.415599288,2016,5,1
25-05-2016,1739.418,1091.245633,1303.142548,7.461880593,2016,5,2
26-05-2016,982.564,1118.900567,1291.29232,6.891182709,2016,5,3
28-05-2016,794.146,1144.505767,1276.403663,6.678525746,2016,5,5
29-05-2016,1119.786,1151.133767,1275.718827,7.021785504,2016,5,6
30-05-2016,681.1,1104.166917,1265.856457,6.525176275,2016,5,0
31-05-2016,5178.138,1186.118517,1441.449835,8.552393912,2016,5,1
01-06-2016,834.198,1079.11305,1337.346038,6.727668822,2016,6,2
04-06-2016,1192.31,1118.591117,1322.028805,7.084486237,2016,6,5
05-06-2016,1533.198,1117.307883,1321.592443,7.335763048,2016,6,6
07-06-2016,59.768,1104.268817,1330.29469,4.107063335,2016,6,1
08-06-2016,145.504,1103.54455,1330.828251,4.987052732,2016,6,2
09-06-2016,797.116,1056.823083,1315.56892,6.68225395,2016,6,3
11-06-2016,3373.564,1131.896483,1381.964726,8.12402141,2016,6,5
12-06-2016,174.476,1127.52495,1384.872953,5.167502281,2016,6,6
13-06-2016,1128.898,1032.422617,1275.757286,7.029882642,2016,6,0
14-06-2016,51.072,1032.498017,1275.697213,3.952627376,2016,6,1
15-06-2016,734.144,1051.821417,1266.294199,6.600066398,2016,6,2
16-06-2016,3443.904,1160.219283,1327.841614,8.144651317,2016,6,3
18-06-2016,1883.087,1187.64385,1334.188864,7.541198632,2016,6,5
19-06-2016,446.346,1194.575917,1329.619138,6.103332344,2016,6,6
20-06-2016,829.544,1117.520733,1278.934152,6.722080908,2016,6,0
21-06-2016,107.976,1118.789667,1277.877337,4.691127674,2016,6,1
22-06-2016,2018.953,1177.555833,1277.367621,7.610829523,2016,6,2
23-06-2016,836.958,1203.8755,1261.311219,6.73096798,2016,6,3
25-06-2016,857.08,1232.082833,1243.041116,6.754697335,2016,6,5
26-06-2016,1592.196,1279.504567,1228.155518,7.373497341,2016,6,6
28-06-2016,1126.156,1314.632033,1207.331703,7.027452925,2016,6,1
29-06-2016,432.926,1200.3263,1116.764014,6.072874013,2016,6,2
02-07-2016,1631.902,1211.2245,1119.412424,7.398114079,2016,7,5
03-07-2016,823.982,1218.347,1116.132085,6.715361568,2016,7,6
04-07-2016,1138.288,1198.309333,1111.842573,7.038158785,2016,7,0
05-07-2016,121.646,1169.612067,1128.587387,4.809302157,2016,7,1
06-07-2016,1379.812,1189.134267,1126.932837,7.230427011,2016,7,2
08-07-2016,21.12,1152.512067,1146.938407,3.096482177,2016,7,4
09-07-2016,1587.114,1182.712533,1146.025381,7.370302428,2016,7,5
10-07-2016,43.286,1011.5508,881.6878212,3.7906686,2016,7,6
11-07-2016,1941.952,1048.475933,897.066434,7.571963745,2016,7,0
12-07-2016,2052.567,1077.151167,915.3849762,7.62733356,2016,7,1
13-07-2016,2033.256,1093.819767,928.4355112,7.617885429,2016,7,2
14-07-2016,860.916,1120.5247,908.9852045,6.759157818,2016,7,3
16-07-2016,3029.386,1216.6541,953.7083558,8.016445283,2016,7,5
17-07-2016,448.082,1205.019633,961.10316,6.107205499,2016,7,6
18-07-2016,525.72,1110.0915,876.4422999,6.266669098,2016,7,0
19-07-2016,2.025,1104.343133,883.3288477,1.106911091,2016,7,1
20-07-2016,2693.168,1156.485467,929.7760681,7.898844716,2016,7,2
23-07-2016,208.272,1161.725467,923.7548691,5.343634841,2016,7,5
24-07-2016,525.95,1154.785667,927.8508426,6.267105667,2016,7,6
25-07-2016,2395.024,1119.823,855.5652524,7.781565976,2016,7,0
26-07-2016,958.857,1089.015333,843.6911897,6.866784315,2016,7,1
27-07-2016,29.97,1075.136133,857.9326407,3.433018994,2016,7,2
30-07-2016,443.802,1062.278067,864.6049817,6.097629239,2016,7,5
31-07-2016,3712.162,1182.4176,971.2576039,8.219639084,2016,7,6
01-08-2016,1011.696,1148.842367,958.6706702,6.92037136,2016,8,0
02-08-2016,1290.478,1163.9597,957.1575546,7.163542578,2016,8,1
05-08-2016,72.65,1137.812033,976.3520712,4.299324143,2016,8,4
06-08-2016,494.8692,1101.234473,979.2926863,6.206312182,2016,8,5
07-08-2016,968.206,1095.969473,979.5786337,6.87647718,2016,8,6
08-08-2016,760.112,1106.875673,973.7460535,6.634780522,2016,8,0
09-08-2016,4878.392,1215.092007,1190.401547,8.492775901,2016,8,1
10-08-2016,851.474,1216.008407,1190.100623,6.74814271,2016,8,2
11-08-2016,196.112,1184.60254,1204.566078,5.283772095,2016,8,3
13-08-2016,586.896,1200.110873,1193.351769,6.376550062,2016,8,5
15-08-2016,497.59,1170.703473,1199.624426,6.211784115,2016,8,0
16-08-2016,3378.932,1282.63054,1244.474202,8.12561087,2016,8,1
17-08-2016,381.64,1242.448073,1253.730983,5.947094599,2016,8,2
21-08-2016,2827.52,1335.255873,1264.903767,7.947508886,2016,8,6
22-08-2016,66.632,1272.745207,1280.1342,4.214081244,2016,8,0
23-08-2016,1202.278,1244.40224,1271.657992,7.092804778,2016,8,1
24-08-2016,7194.775,1416.452873,1669.120257,8.881249327,2016,8,2
25-08-2016,178.526,1393.70654,1681.555421,5.190320044,2016,8,3
27-08-2016,639.974,1314.059473,1657.829763,6.462988894,2016,8,5
28-08-2016,6491.293,1515.49984,1898.638982,8.77837106,2016,8,6
29-08-2016,246.5,1506.192507,1904.334142,5.511410582,2016,8,0
31-08-2016,2601.797,1592.851573,1892.641856,7.864341915,2016,8,2
01-09-2016,2367.564,1581.998107,1887.039753,7.770039143,2016,9,3
03-09-2016,1874.898,1637.552307,1869.655424,7.536842757,2016,9,5
04-09-2016,1071.284,1655.730107,1861.106622,6.977546232,2016,9,6
05-09-2016,934.103,1607.03274,1860.20823,6.840656684,2016,9,0
06-09-2016,919.674,1605.72664,1860.692716,6.825106011,2016,9,1
07-09-2016,2922.667,1702.149873,1851.146372,7.980593929,2016,9,2
08-09-2016,89.64,1690.344473,1860.553418,4.506895617,2016,9,3
10-09-2016,1415.726,1613.796607,1821.329502,7.256103855,2016,9,5
11-09-2016,1962.13,1645.47774,1818.759464,7.582295417,2016,9,6
12-09-2016,707.824,1626.05594,1825.778504,6.563607259,2016,9,0
13-09-2016,2109.42,1693.948273,1803.758881,7.654642259,2016,9,1
14-09-2016,3262.42,1786.199967,1811.075491,8.090531004,2016,9,2
15-09-2016,2535.85,1838.454767,1809.27479,7.838678433,2016,9,3
16-09-2016,31.12,1814.155033,1829.044449,3.469478889,2016,9,4
17-09-2016,11525.006,2035.708833,2494.512598,9.352361153,2016,9,5
18-09-2016,3924.32,2138.137033,2507.264576,8.275203156,2016,9,6
19-09-2016,500.38,2148.2793,2499.74202,6.217364297,2016,9,0
20-09-2016,1836.052,2189.917833,2483.18587,7.515917392,2016,9,1
21-09-2016,6982.058,2406.066767,2609.790406,8.851242209,2016,9,2
22-09-2016,1783.504,2352.885833,2605.534191,7.486895784,2016,9,3
24-09-2016,4180.614,2479.5183,2598.734114,8.338452575,2016,9,5
25-09-2016,3033.757,2486.392867,2599.958941,8.017886634,2016,9,6
26-09-2016,3722.273,2608.247567,2568.11019,8.222358399,2016,9,0
27-09-2016,2382.958,2647.603567,2554.833462,7.776517411,2016,9,1
28-09-2016,1058.364,2443.056533,2420.328962,6.965424007,2016,9,2
01-10-2016,1158.414,2475.719467,2395.196185,7.055669984,2016,10,5
02-10-2016,1269.266,2496.695867,2381.280056,7.146981606,2016,10,6
03-10-2016,275.218,2289.493367,2290.418707,5.621190409,2016,10,0
04-10-2016,505.58,2298.129367,2282.926173,6.227682258,2016,10,1
05-10-2016,851.092,2239.772533,2297.227286,6.747694502,2016,10,2
08-10-2016,222.12,2168.257733,2326.322412,5.407709743,2016,10,5
09-10-2016,2133.535,2176.878967,2325.676905,7.666004103,2016,10,6
10-10-2016,1855.008,2203.0031,2317.215969,7.526183224,2016,10,0
11-10-2016,1011.8955,2205.596183,2315.790128,6.92056834,2016,10,1
12-10-2016,2390.758,2254.632317,2303.162641,7.779783939,2016,10,2
13-10-2016,371.66,2169.59875,2324.639976,5.920666476,2016,10,3
15-10-2016,3219.554,2273.929217,2298.156771,8.077308673,2016,10,5
16-10-2016,824.97,2254.23735,2308.272595,6.716558453,2016,10,6
17-10-2016,77.88,2191.429017,2341.885527,4.36792771,2016,10,0
18-10-2016,378.494,2180.45135,2349.838153,5.938838786,2016,10,1
19-10-2016,2135.09,2181.307017,2349.81607,7.666732334,2016,10,2
20-10-2016,720.086,2096.56255,2355.319322,6.580758409,2016,10,3
22-10-2016,15.128,2012.538483,2383.896688,2.780556892,2016,10,5
23-10-2016,2262.296,2086.911017,2354.572664,7.724577437,2016,10,6
24-10-2016,831.145,1730.448983,1547.67586,6.724006704,2016,10,0
25-10-2016,1425.412,1647.15205,1491.765242,7.262917479,2016,10,1
26-10-2016,1395.333,1676.983817,1476.916304,7.241604794,2016,10,2
28-10-2016,104.51,1619.26575,1504.070354,4.658805735,2016,10,4
29-10-2016,244.24,1394.671817,1132.931554,5.502237323,2016,10,5
30-10-2016,2122.044,1405.956483,1138.609903,7.660606187,2016,10,6
31-10-2016,3211.009,1373.636317,1068.752016,8.074651877,2016,10,0
01-11-2016,3106.106,1376.04795,1072.701574,8.041447025,2016,11,1
02-11-2016,5528.551,1436.257217,1245.678409,8.617861898,2016,11,2
03-11-2016,2800.846,1450.186817,1258.896142,7.938033765,2016,11,3
05-11-2016,834.874,1442.73715,1261.952308,6.728477884,2016,11,5
06-11-2016,11.481,1404.50605,1287.968076,2.524207488,2016,11,6
07-11-2016,2357.873,1440.79295,1299.311591,7.765939242,2016,11,0
08-11-2016,7792.097,1691.355583,1722.619866,8.960993621,2016,11,1
09-11-2016,4620.292,1828.51265,1787.537314,8.438429599,2016,11,2
10-11-2016,3536.904,1918.039717,1804.077727,8.17128974,2016,11,3
11-11-2016,542.178,1928.708317,1794.624484,6.297437075,2016,11,4
12-11-2016,1127.992,1895.190217,1800.049069,7.029080478,2016,11,5
13-11-2016,2867.9132,1928.953723,1808.74789,7.961688561,2016,11,6
14-11-2016,2512.71,1978.980873,1803.255611,7.829515028,2016,11,0
15-11-2016,702.17,1922.694607,1816.265916,6.555598683,2016,11,1
16-11-2016,4072.334,2046.050407,1832.885195,8.312217108,2016,11,2
17-11-2016,3885.986,2068.264807,1851.541985,8.265389329,2016,11,3
19-11-2016,1040.784,2075.458607,1846.958415,6.948689907,2016,11,5
20-11-2016,2861.15,2168.234273,1812.74394,7.95932837,2016,11,6
21-11-2016,3613.5748,2276.0703,1798.775042,8.192729507,2016,11,0
22-11-2016,614.499,2225.383933,1824.129725,6.422433321,2016,11,1
23-11-2016,3450.188,2316.387333,1814.518108,8.146473799,2016,11,2
24-11-2016,1218.764,2356.508533,1774.751018,7.106412676,2016,11,3
25-11-2016,13.12,2281.536,1825.645483,2.647592232,2016,11,4
26-11-2016,1484.082,2303.300567,1811.596262,7.303225269,2016,11,5
27-11-2016,3109.7835,2359.446283,1809.550388,8.042629903,2016,11,6
28-11-2016,1864.482,2375.084583,1802.946287,7.531274744,2016,11,0
29-11-2016,2760.168,2463.606517,1752.097663,7.923409058,2016,11,1
30-11-2016,1798.397,2515.41175,1706.599189,7.495206888,2016,11,2
01-12-2016,7130.594,2682.363417,1900.734215,8.872290051,2016,12,3
03-12-2016,1972.645,2641.084617,1902.303885,7.587637366,2016,12,5
04-12-2016,5185.814,2710.408217,1956.944064,8.553874915,2016,12,6
05-12-2016,897.322,2556.033917,1909.049972,6.800528579,2016,12,0
06-12-2016,6061.502,2664.72245,2013.434702,8.709877865,2016,12,1
07-12-2016,1338.298,2681.50325,1999.709189,7.199900875,2016,12,2
08-12-2016,2672.728,2770.211483,1935.166856,7.891229032,2016,12,3
09-12-2016,34.02,2692.749717,1997.739784,3.555919327,2016,12,4
10-12-2016,3080.38,2535.692483,1753.271507,8.033132828,2016,12,5
11-12-2016,1590.894,2434.71255,1715.909822,7.372679781,2016,12,6
12-12-2016,1448.854,2365.110883,1712.004354,7.279218141,2016,12,0
13-12-2016,1023.386,2381.15115,1696.520079,6.931848688,2016,12,1
14-12-2016,488.744,2359.842883,1716.696975,6.193882806,2016,12,2
15-12-2016,5494.796,2447.405643,1808.067983,8.611738715,2016,12,3
16-12-2016,4.98,2363.814643,1862.106148,1.788420568,2016,12,4
17-12-2016,1918.492,2404.35871,1837.761706,7.559815847,2016,12,5
18-12-2016,935.288,2299.79051,1828.808416,6.841923121,2016,12,6
19-12-2016,6120.656,2374.27951,1937.899726,8.719587927,2016,12,0
20-12-2016,1107.464,2376.502177,1936.355163,7.010730552,2016,12,1
21-12-2016,3257.76,2389.72251,1941.126199,8.089102034,2016,12,2
22-12-2016,473.313,2285.047117,1957.454888,6.161867441,2016,12,3
23-12-2016,194.32,2271.04115,1971.274604,5.274639239,2016,12,4
24-12-2016,7484.566,2405.520417,2180.949629,8.920731912,2016,12,5
25-12-2016,4204.968,2505.06055,2193.030268,8.344259748,2016,12,6
26-12-2016,561.486,2523.339417,2173.744281,6.332366245,2016,12,0
27-12-2016,5148.4472,2645.484923,2215.877742,8.546644648,2016,12,1
28-12-2016,79.2,2544.465473,2262.56955,4.384523515,2016,12,2
30-12-2016,3251.34,2590.694073,2262.365178,8.087130016,2016,12,4
31-12-2016,1381.344,2544.733273,2272.785197,7.231535888,2016,12,5
02-01-2017,405.92,2498.317373,2302.576483,6.008616606,2017,1,0
03-01-2017,2095.83,2330.491907,2130.346767,7.648181959,2017,1,1
04-01-2017,1069.22,2300.37774,2141.933461,6.975619514,2017,1,2
05-01-2017,255.904,2136.047407,2101.661792,5.548702474,2017,1,3
07-01-2017,83.576,2108.92254,2123.340015,4.437650538,2017,1,5
08-01-2017,1859.158,1968.844407,1987.889656,7.528416709,2017,1,6
09-01-2017,743.046,1949.002673,1997.348547,6.612102861,2017,1,0
10-01-2017,174.75,1865.73674,2018.097714,5.169062531,2017,1,1
11-01-2017,149.444,1869.584207,2014.592143,5.013590922,2017,1,2
14-01-2017,405.344,1780.41634,2018.349524,6.007200091,2017,1,5
15-01-2017,701.923,1750.783973,2027.73184,6.555247355,2017,1,6
16-01-2017,102.218,1705.896107,2049.435217,4.636843256,2017,1,0
17-01-2017,1040.55,1706.46824,2049.240499,6.948465267,2017,1,1
21-01-2017,1167.056,1729.07864,2039.05817,7.063096107,2017,1,5
22-01-2017,917.63,1576.50644,1915.044447,6.82288343,2017,1,6
23-01-2017,59.99,1578.340107,1913.513538,4.110709916,2017,1,0
24-01-2017,31.36,1515.435707,1932.866577,3.476923092,2017,1,1
25-01-2017,858.712,1512.883173,1933.709515,6.756597449,2017,1,2
28-01-2017,39.68,1310.183973,1743.400268,3.705736571,2017,1,5
30-01-2017,3107.316,1376.845707,1773.358054,8.041836379,2017,1,0
31-01-2017,1601.554,1321.63884,1738.215357,7.379353886,2017,1,1
01-02-2017,161.97,1311.26074,1744.373518,5.093566135,2017,2,2
02-02-2017,8996.784,1604.676207,2224.311301,9.104733604,2017,2,3
03-02-2017,866.4,1384.070673,1929.723992,6.765500231,2017,2,4
04-02-2017,197.868,1250.500673,1865.342648,5.292641288,2017,2,5
05-02-2017,2994.476,1331.60034,1887.115904,8.004858429,2017,2,6
06-02-2017,132.224,1164.3929,1754.859465,4.892031922,2017,2,0
07-02-2017,762.142,1187.157633,1744.696749,6.637444121,2017,2,1
08-02-2017,1369.476,1124.428833,1701.210317,7.222913404,2017,2,2
09-02-2017,121.83,1082.445033,1710.169376,4.810801286,2017,2,3
11-02-2017,69.93,1071.245367,1715.843385,4.261693475,2017,2,5
12-02-2017,1366.04,1046.919033,1705.961295,7.220403097,2017,2,6
13-02-2017,146.82,1016.172367,1713.839554,4.995995317,2017,2,0
14-02-2017,837.921,1035.572933,1708.221585,6.732116542,2017,2,1
15-02-2017,407.072,1046.356133,1703.017965,6.011443629,2017,2,2
16-02-2017,1135.638,1022.2388,1696.220042,7.035830061,2017,2,3
19-02-2017,392.66,1010.559267,1699.412059,5.975487593,2017,2,6
20-02-2017,16.496,1005.284133,1702.339048,2.861972283,2017,2,0
21-02-2017,1524.126,1051.106867,1697.000718,7.329832309,2017,2,1
22-02-2017,983.17,1070.367733,1692.692285,6.891798646,2017,2,2
23-02-2017,57.576,1048.8895,1701.59321,4.070325056,2017,2,3
25-02-2017,46.72,1047.039567,1702.687716,3.865350597,2017,2,5
27-02-2017,243.892,1020.4843,1708.993116,5.500817297,2017,2,0
28-02-2017,147.584,986.5019,1716.099168,5.001150455,2017,2,1
01-03-2017,6285.806,1165.4411,1969.790797,8.746208431,2017,3,2
03-03-2017,7264.422,1405.588833,2249.656032,8.890881661,2017,3,4
04-03-2017,315.45,1415.0585,2244.263362,5.757165251,2017,3,5
05-03-2017,162.344,1391.846233,2253.797034,5.095858406,2017,3,6
06-03-2017,811.303,1417.567,2242.206897,6.699873423,2017,3,0
07-03-2017,21.072,1314.6922,2232.786346,3.094309837,2017,3,1
08-03-2017,2190.81,1334.334067,2237.982695,7.692482965,2017,3,2
09-03-2017,635.6,1350.121733,2231.087133,6.456141515,2017,3,3
10-03-2017,7879.734,1312.886733,2104.818308,8.972176326,2017,3,4
11-03-2017,896.022,1313.874133,2104.60857,6.799080388,2017,3,5
12-03-2017,1694.642,1363.7666,2094.959274,7.435816709,2017,3,6
13-03-2017,8866.882,1559.513467,2489.736165,9.090191264,2017,3,0
14-03-2017,669.368,1577.418267,2481.034165,6.507826815,2017,3,1
15-03-2017,1805.992,1612.213267,2476.52172,7.499418863,2017,3,2
17-03-2017,2360.334,1645.241867,2479.778019,7.766981993,2017,3,4
18-03-2017,1061.682,1676.570267,2465.765503,6.96855118,2017,3,5
19-03-2017,138.68,1678.861933,2464.252296,4.939354092,2017,3,6
20-03-2017,928.311,1664.270967,2467.462219,6.834443451,2017,3,0
21-03-2017,645.706,1680.9005,2458.547687,6.471891786,2017,3,1
22-03-2017,226.468,1660.518733,2468.292318,5.427009569,2017,3,2
24-03-2017,745.774,1671.8088,2463.130524,6.615762596,2017,3,4
25-03-2017,1346.97,1678.8532,2461.846096,7.206355036,2017,3,5
26-03-2017,682.246,1688.506067,2457.19238,6.52685497,2017,3,6
27-03-2017,92.7,1691.0462,2455.443096,4.540098189,2017,3,0
28-03-2017,125.3,1644.418667,2471.948123,4.838660029,2017,3,1
29-03-2017,2659.339,1700.290967,2475.427237,7.886208837,2017,3,2
30-03-2017,11.34,1698.749767,2476.49942,2.512846018,2017,3,3
31-03-2017,640.762,1718.551167,2465.183806,6.464217518,2017,3,4
01-04-2017,2161.48,1782.470767,2450.445418,7.67901099,2017,4,5
02-04-2017,1454.9,1826.047967,2431.923308,7.283379545,2017,4,6
03-04-2017,441.198,1631.2277,2292.43883,6.091757746,2017,4,0
04-04-2017,970.194,1421.4201,2032.380196,6.878526242,2017,4,1
05-04-2017,1046.334,1445.7829,2023.024553,6.954003167,2017,4,2
07-04-2017,1900.302,1503.714833,2009.845687,7.550294194,2017,4,4
08-04-2017,2906.404,1573.551533,2021.323386,7.975015866,2017,4,5
09-04-2017,1115.197,1610.022367,2002.125519,7.017682651,2017,4,6
10-04-2017,950.594,1568.681833,2002.523852,6.858138473,2017,4,0
12-04-2017,1542.53,1598.912833,1994.782646,7.34182728,2017,4,2
13-04-2017,6.12,1336.459033,1623.293702,1.962907725,2017,4,3
14-04-2017,1466.572,1355.477367,1621.296677,7.291364614,2017,4,4
15-04-2017,2201.856,1372.3845,1627.587947,7.697509979,2017,4,5
16-04-2017,9335.086,1387.9913,1702.453082,9.141642386,2017,4,6
17-04-2017,421.085,1379.7152,1706.66525,6.045206716,2017,4,0
18-04-2017,2514.538,1403.3334,1717.635286,7.830241976,2017,4,1
19-04-2017,1414.132,1371.793333,1708.117349,7.254978092,2017,4,2
21-04-2017,271.616,1345.4578,1719.118617,5.608064212,2017,4,4
22-04-2017,1765.465,1399.683967,1705.342263,7.476735653,2017,4,5
23-04-2017,720.368,1392.752533,1707.745148,6.581149409,2017,4,6
24-04-2017,1607.1,1424.799,1702.254775,7.382808637,2017,4,0
25-04-2017,108.42,1420.864067,1705.254154,4.695193689,2017,4,1
26-04-2017,434.646,1410.493133,1710.439679,6.076829987,2017,4,2
28-04-2017,486.672,1381.816533,1718.733022,6.189643049,2017,4,4
30-04-2017,142.208,1363.815267,1729.109417,4.964298119,2017,4,6
01-05-2017,517.866,1377.987467,1720.050445,6.251645661,2017,5,0
02-05-2017,767.316,1399.388,1707.878163,6.644201107,2017,5,1
03-05-2017,1099.013,1347.377133,1691.868804,7.003077277,2017,5,2
05-05-2017,2701.28,1437.0418,1689.899473,7.90185114,2017,5,4
06-05-2017,236.96,1423.581733,1698.049045,5.472102592,2017,5,5
07-05-2017,4835.976,1512.7316,1804.966864,8.484045011,2017,5,6
08-05-2017,1340.244,1508.909733,1805.214911,7.20135282,2017,5,0
09-05-2017,1283.512,1536.986867,1794.554708,7.158134159,2017,5,1
10-05-2017,763.02,1530.081067,1797.207712,6.638593967,2017,5,2
11-05-2017,5.98,1495.4026,1816.794318,1.943048917,2017,5,3
12-05-2017,918.878,1462.688467,1818.087635,6.824241053,2017,5,4
14-05-2017,455.93,1381.006,1805.995037,6.124530206,2017,5,6
15-05-2017,648.912,1365.463167,1810.362737,6.476836969,2017,5,0
16-05-2017,880.46,1363.125367,1810.962134,6.781579624,2017,5,1
17-05-2017,346.922,1323.271767,1820.011042,5.851978317,2017,5,2
18-05-2017,122.22,1327.141767,1817.235043,4.813971376,2017,5,3
19-05-2017,1582.008,1330.989633,1817.662621,7.367082114,2017,5,4
20-05-2017,2471.913,1339.991533,1822.785776,7.813152087,2017,5,5
21-05-2017,2718.214,1119.429133,1064.674469,7.908098147,2017,5,6
22-05-2017,1799.2,1165.3663,1063.233799,7.495653049,2017,5,0
23-05-2017,10560.978,1433.580967,2009.311076,9.26501585,2017,5,1
24-05-2017,277.756,1395.701767,2020.371313,5.630336847,2017,5,2
25-05-2017,1311.97,1430.380233,2009.309981,7.180047026,2017,5,3
26-05-2017,1975.356,1437.3766,2010.881773,7.589010024,2017,5,4
27-05-2017,5305.078,1590.200267,2125.462061,8.576608235,2017,5,5
28-05-2017,2137.324,1607.8744,2127.810659,7.667777624,2017,5,6
29-05-2017,1063.185,1639.6999,2111.689183,6.969964527,2017,5,0
30-05-2017,8090.578,1894.897633,2403.485987,8.998579047,2017,5,1
31-05-2017,438.859,1893.303867,2404.467643,6.086454221,2017,5,2
02-06-2017,157.844,1893.825067,2404.076644,5.067922589,2017,6,4
04-06-2017,2316.523,1953.7803,2390.970962,7.748254222,2017,6,6
05-06-2017,659.82,1950.1971,2392.890134,6.493481488,2017,6,0
06-06-2017,5477.352,2096.141733,2471.416492,8.608559605,2017,6,1
07-06-2017,51.562,2007.8178,2496.267319,3.961993425,2017,6,2
09-06-2017,1688.472,2056.201533,2474.73426,7.432171333,2017,6,4
10-06-2017,1412.396,1942.0822,2420.470337,7.253750598,2017,6,5
11-06-2017,1623.416,1951.521267,2418.593842,7.392903646,2017,6,6
12-06-2017,2962.563,2007.489633,2422.027394,7.99414754,2017,6,0
13-06-2017,430.438,1996.403567,2428.672011,6.067123815,2017,6,1
14-06-2017,3457.099,2111.440867,2412.823658,8.148474295,2017,6,2
15-06-2017,173.488,2086.594533,2429.309232,5.161855971,2017,6,3
16-06-2017,147.275,2076.306033,2437.094616,4.999068658,2017,6,4
17-06-2017,3000.92,2154.7063,2427.404845,8.007007363,2017,6,5
18-06-2017,541.938,2143.422233,2434.30959,6.296995133,2017,6,6
19-06-2017,17.12,2132.428833,2443.429999,2.897016301,2017,6,0
20-06-2017,1229.548,2169.339767,2420.270264,7.115214878,2017,6,1
21-06-2017,577.108,2135.8431,2435.584748,6.359760702,2017,6,2
23-06-2017,2475.094,2135.949133,2435.599953,7.814437598,2017,6,4
24-06-2017,5310.952,2222.373733,2502.066741,8.577714655,2017,6,5
25-06-2017,893.266,2192.175933,2512.794127,6.79600327,2017,6,6
26-06-2017,1919.6,1904.13,1953.407555,7.560392916,2017,6,0
27-06-2017,778.706,1920.828333,1941.127943,6.658916926,2017,6,1
28-06-2017,877.156,1906.334533,1947.443898,6.777824254,2017,6,2
29-06-2017,191.88,1846.885333,1972.327162,5.262068234,2017,6,3
30-06-2017,1352.95,1715.147733,1862.297342,7.210781525,2017,6,4
01-07-2017,1724.376,1701.3828,1860.594625,7.453200277,2017,7,5
02-07-2017,772.786,1691.702833,1864.780129,6.65129535,2017,7,6
03-07-2017,847.7,1450.273567,1424.69401,6.743705767,2017,7,0
04-07-2017,1651.301,1490.6883,1412.155234,7.409924141,2017,7,1
07-07-2017,3882.231,1614.834533,1454.030352,8.264422818,2017,7,4
08-07-2017,2616.512,1624.834167,1460.041508,7.869979527,2017,7,5
09-07-2017,573.286,1621.9497,1462.097767,6.35312753,2017,7,6
10-07-2017,895.895,1469.234467,1272.48788,6.798938798,2017,7,0
12-07-2017,95.76,1470.707733,1270.814408,4.572233686,2017,7,2
14-07-2017,2149.96,1486.090667,1276.322463,7.673669533,2017,7,4
15-07-2017,380.2,1451.684133,1292.191681,5.943324172,2017,7,5
16-07-2017,910.17,1427.909267,1295.480329,6.814729488,2017,7,6
17-07-2017,2184.88,1401.9865,1271.267249,7.689773772,2017,7,0
18-07-2017,2891.858,1484.033833,1285.748806,7.97000022,2017,7,1
19-07-2017,1536.454,1420.012333,1230.757392,7.337883081,2017,7,2
20-07-2017,89.95,1417.227733,1233.765741,4.510309905,2017,7,3
21-07-2017,991.095,1445.355067,1213.263396,6.899818869,2017,7,4
22-07-2017,1368.048,1390.926,1177.16129,7.221870887,2017,7,5
23-07-2017,654.587,1394.680967,1174.536503,6.485531018,2017,7,6
24-07-2017,326.964,1405.0091,1163.314069,5.792903846,2017,7,0
25-07-2017,4979.308,1530.0011,1332.897093,8.513247015,2017,7,1
28-07-2017,2033.374,1578.5433,1323.481743,7.617943434,2017,7,4
29-07-2017,819.154,1523.3453,1319.325561,6.709492128,2017,7,5
30-07-2017,1770.776,1405.339433,1110.692143,7.479737712,2017,7,6
31-07-2017,2174.158,1448.035833,1114.940038,7.684856585,2017,7,0
01-08-2017,1124.648,1421.537433,1112.790673,7.026114149,2017,8,1
02-08-2017,482.584,1411.6667,1119.97949,6.181225033,2017,8,2
03-08-2017,248.82,1390.722167,1136.079439,5.520740659,2017,8,3
04-08-2017,497.91,1400.923167,1126.27533,6.212425719,2017,8,4
05-08-2017,197.05,1362.393167,1147.544001,5.288519524,2017,8,5
06-08-2017,320.388,1315.593567,1160.824572,5.772649116,2017,8,6
07-08-2017,179.97,1295.833033,1175.338299,5.198331272,2017,8,0
08-08-2017,1115.204,1304.749833,1172.833318,7.017688922,2017,8,1
09-08-2017,661.354,1271.7516,1176.666767,6.495800156,2017,8,2
11-08-2017,151.82,1147.404567,1084.810079,5.029260758,2017,8,4
12-08-2017,3951.9605,1191.919517,1171.138323,8.282220071,2017,8,5
13-08-2017,731.524,1197.194117,1168.609639,6.596496105,2017,8,6
14-08-2017,923.688,1198.12055,1168.373536,6.829456383,2017,8,0
15-08-2017,1680.266,1250.937417,1152.529178,7.42730236,2017,8,1
16-08-2017,204.54,1186.090083,1154.928455,5.325640662,2017,8,2
17-08-2017,15.712,1173.940483,1165.566755,2.816127024,2017,8,3
18-08-2017,496.114,1160.138617,1171.235556,6.208819376,2017,8,4
19-08-2017,448.792,1102.269017,1161.708633,6.108785254,2017,8,5
20-08-2017,14.78,1006.366417,1127.11909,2.758743315,2017,8,6
21-08-2017,4225.118,1095.98855,1268.720927,8.34903912,2017,8,0
22-08-2017,405.35,1106.501883,1261.382426,6.007214857,2017,8,1
23-08-2017,4187.348,1213.04365,1380.64506,8.340061663,2017,8,2
26-08-2017,4874.298,1329.91865,1534.097587,8.49193651,2017,8,5
27-08-2017,767.911,1333.696117,1532.516057,6.644975228,2017,8,6
28-08-2017,322.0248,1333.531477,1532.628202,5.7777291,2017,8,0
29-08-2017,632.188,1188.627477,1373.264524,6.450767376,2017,8,1
30-08-2017,1656.87,1176.077343,1366.984314,7.413288925,2017,8,2
31-08-2017,23.968,1149.571143,1381.773244,3.217595005,2017,8,3
01-09-2017,5766.152,1282.750343,1616.343724,8.65993365,2017,9,4
02-09-2017,6792.193,1436.684843,1899.300414,8.82367636,2017,9,5
03-09-2017,2365.596,1478.049777,1905.772511,7.769207915,2017,9,6
04-09-2017,1707.812,1518.89071,1896.811264,7.443553671,2017,9,0
05-09-2017,5226.348,1684.80831,1996.939008,8.561659354,2017,9,1
06-09-2017,1313.536,1711.995843,1985.743475,7.181239031,2017,9,2
08-09-2017,4493.9836,1855.226963,2027.237611,8.410717298,2017,9,4
09-09-2017,84.992,1847.38043,2033.827984,4.454254269,2017,9,5
10-09-2017,2094.324,1911.19223,2009.595919,7.647463474,2017,9,6
11-09-2017,6402.018,2087.419363,2163.31511,8.764524721,2017,9,0
12-09-2017,2043.792,2133.50063,2146.549534,7.623051352,2017,9,1
13-09-2017,2374.73,2207.59763,2113.903031,7.773060038,2017,9,2
14-09-2017,1137.338,2113.77688,2096.199998,7.037324583,2017,9,3
15-09-2017,2101.182,2159.432147,2079.908669,7.650731132,2017,9,4
16-09-2017,425.886,2142.838747,2092.057562,6.056516999,2017,9,5
17-09-2017,2043.126,2154.93408,2090.339196,7.622725593,2017,9,6
18-09-2017,4751.082,2306.48548,2108.790574,8.466338117,2017,9,0
19-09-2017,3839.312,2433.938813,2080.927481,8.253308892,2017,9,1
20-09-2017,1232.004,2458.46848,2061.54401,7.117208747,2017,9,2
22-09-2017,418.062,2457.444147,2062.584376,6.03801888,2017,9,4
23-09-2017,1322.145,2501.02298,2022.619482,7.187766758,2017,9,5
24-09-2017,2286.05,2436.38738,1996.437124,7.735018056,2017,9,6
25-09-2017,2384.003,2502.34248,1959.364812,7.776955661,2017,9,0
26-09-2017,2698.1665,2452.703097,1933.902477,7.900698301,2017,9,1
27-09-2017,1992.9858,2356.659357,1880.295932,7.597890829,2017,9,2
28-09-2017,99.136,2334.366857,1903.601421,4.606529262,2017,9,3
29-09-2017,1271.552,2366.017763,1876.692378,7.148779612,2017,9,4
30-09-2017,525.884,2362.474297,1880.176112,6.26698041,2017,9,5
01-10-2017,781.414,2333.29243,1898.212688,6.662384012,2017,10,6
02-10-2017,18452.972,2947.592563,3462.524898,9.823034911,2017,10,0
03-10-2017,1680.696,2811.410697,3428.016748,7.427558087,2017,10,1
04-10-2017,5912.782,2782.096997,3396.41679,8.685040838,2017,10,2
06-10-2017,830.4,2730.923797,3414.426042,6.723111027,2017,10,4
07-10-2017,973.712,2706.453797,3424.626447,6.882142043,2017,10,5
08-10-2017,561.536,2550.960063,3412.145544,6.332455132,2017,10,6
09-10-2017,546.92,2525.406197,3424.580254,6.306129291,2017,10,0
10-10-2017,252.361,2384.018777,3428.061043,5.534815349,2017,10,1
11-10-2017,33.064,2382.287843,3429.274817,3.528241108,2017,10,2
13-10-2017,1650.618,2367.497643,3431.515712,7.409510692,2017,10,4
14-10-2017,3335.888,2265.29331,3351.946197,8.112793915,2017,10,5
15-10-2017,1620.15,2251.17191,3353.803402,7.390891053,2017,10,6
16-10-2017,142.182,2176.753643,3375.665197,4.964116548,2017,10,0
17-10-2017,2953.346,2237.287243,3372.664614,7.991032586,2017,10,1
18-10-2017,307.92,2177.511843,3391.001641,5.733082344,2017,10,2
20-10-2017,946.174,2194.854777,3383.055384,6.853482814,2017,10,4
21-10-2017,7877.272,2389.32631,3538.161985,8.971863869,2017,10,5
22-10-2017,188.28,2237.23291,3531.200146,5.2432274,2017,10,6
23-10-2017,467.422,2124.836577,3532.111046,6.149369599,2017,10,0
24-10-2017,1365.498,2129.286377,3531.031381,7.220006542,2017,10,1
25-10-2017,783.96,2141.482977,3525.544455,6.665632761,2017,10,2
27-10-2017,978.79,2130.03781,3528.85181,6.887338263,2017,10,4
28-10-2017,2899.021,2150.470177,3531.559823,7.972473257,2017,10,5
29-10-2017,131.154,2075.37521,3550.325149,4.883967909,2017,10,6
30-10-2017,159.002,1990.736393,3565.201338,5.075186315,2017,10,0
31-10-2017,3750.499,2049.320167,3579.65012,8.229910772,2017,10,1
01-11-2017,453.374,2061.1281,3573.574456,6.118920647,2017,11,2
03-11-2017,3802.796,2145.5029,3584.155751,8.243754794,2017,11,4
04-11-2017,3888.818,2257.6007,3584.343375,8.266117649,2017,11,5
05-11-2017,4266.8988,2373.783527,3591.326735,8.358876901,2017,11,6
06-11-2017,773.256,1784.45966,1926.525473,6.651902568,2017,11,0
07-11-2017,3810.464,1855.451927,1961.49346,8.245768646,2017,11,1
08-11-2017,993.9,1691.489193,1810.411196,6.90264223,2017,11,2
09-11-2017,479.97,1679.808193,1817.276126,6.175804898,2017,11,3
10-11-2017,4723.478,1804.800393,1894.355914,8.460512358,2017,11,4
11-11-2017,4944.296,1950.892393,1962.926964,8.506192101,2017,11,5
12-11-2017,4914.938,2096.492993,2016.46522,8.500237859,2017,11,6
13-11-2017,2945.138,2186.252227,1991.321702,7.988250439,2017,11,0
14-11-2017,2774.062,2277.618827,1951.607354,7.928428368,2017,11,1
15-11-2017,2145.718,2294.12216,1948.212829,7.671695443,2017,11,2
16-11-2017,36.72,2184.149893,1980.231918,3.630190458,2017,11,3
17-11-2017,142.684,2134.901027,2012.846318,4.967616444,2017,11,4
18-11-2017,3958.932,2262.126027,2003.148664,8.283982132,2017,11,5
19-11-2017,638.462,2184.963227,2020.117864,6.460627198,2017,11,6
20-11-2017,3070.333,2277.04366,1994.402802,8.029866948,2017,11,0
21-11-2017,1176.891,2284.734227,1989.532791,7.07148083,2017,11,1
22-11-2017,317.044,2032.726627,1716.84426,5.762189738,2017,11,2
23-11-2017,100.616,2029.804493,1720.163226,4.621201003,2017,11,3
24-11-2017,6394.538,2227.375027,1868.511488,8.763355839,2017,11,4
25-11-2017,7978.551,2447.810127,2134.480186,8.984637423,2017,11,5
26-11-2017,8329.743,2699.336227,2363.916534,9.027707927,2017,11,6
27-11-2017,1305.769,2710.235527,2356.452085,7.175312957,2017,11,0
28-11-2017,3428.372,2727.88056,2359.893818,8.140132433,2017,11,1
29-11-2017,300.592,2733.528493,2353.659294,5.709075111,2017,11,2
30-11-2017,970.142,2760.566493,2327.57876,6.878472699,2017,11,3
01-12-2017,7365.455,2881.065027,2469.821288,8.904691865,2017,12,4
02-12-2017,4684.616,3022.106427,2447.115337,8.452252669,2017,12,5
03-12-2017,5269.816,3071.007093,2477.720132,8.569940468,2017,12,6
04-12-2017,944.286,2972.856027,2502.405281,6.851487527,2017,12,0
05-12-2017,5138.934,3001.923867,2522.935704,8.544795518,2017,12,1
06-12-2017,2859.974,3071.481133,2487.89466,7.958917405,2017,12,2
08-12-2017,4709.095,3101.4355,2502.465962,8.457463357,2017,12,4
09-12-2017,1855.483,3130.154933,2482.307662,7.526439117,2017,12,5
10-12-2017,3453.23,3229.2636,2431.686728,8.147354846,2017,12,6
11-12-2017,6102.25,3275.222667,2473.570065,8.716576695,2017,12,0
12-12-2017,1874.045,3172.880967,2465.63411,7.536387938,2017,12,1
13-12-2017,1194.088,3048.852633,2468.564873,7.085975102,2017,12,2
14-12-2017,828.654,2978.303167,2501.653053,6.721008746,2017,12,3
15-12-2017,2637.087,2973.737333,2502.163619,7.877809312,2017,12,4
16-12-2017,628.542,2923.1648,2534.598235,6.444992571,2017,12,5
17-12-2017,12185.134,3328.111933,2987.528691,9.408054027,2017,12,6
18-12-2017,7051.35,3558.4008,2999.764729,8.861116174,2017,12,0
19-12-2017,815.112,3453.6068,3039.934318,6.7045516,2017,12,1
20-12-2017,134.54,3436.8094,3057.368255,4.9092668,2017,12,2
22-12-2017,1043.128,3369.2359,3087.996444,6.950937366,2017,12,4
23-12-2017,6965.857,3562.201433,3126.903147,8.848919469,2017,12,5
24-12-2017,1938.26,3616.241967,3082.580105,7.570061736,2017,12,6
25-12-2017,10488.055,3962.489933,3252.756188,9.258087612,2017,12,0
26-12-2017,1829.418,3810.319267,3241.821128,7.512299635,2017,12,1
27-12-2017,959.49,3576.350567,3183.381165,6.867443571,2017,12,2
29-12-2017,1277.68,3341.2818,3078.932757,7.153583575,2017,12,4
30-12-2017,773.774,3323.548633,3092.562439,6.652571374,2017,12,5
31-12-2017,731.768,3233.661833,3128.39212,6.596829144,2017,12,6
01-01-2018,1481.828,3273.036367,3097.483923,7.301706354,2018,1,0
02-01-2018,2079.554,3310.016767,3075.587099,7.640389483,2018,1,1
03-01-2018,2070.272,3133.510667,2985.445152,7.63591819,2018,1,2
06-01-2018,33.74,2978.481467,3022.645728,3.547891761,2018,1,5
07-01-2018,3395.59,2916.007267,2992.876045,8.130527266,2018,1,6
08-01-2018,892.98,2914.297067,2994.05601,6.795683404,2018,1,0
09-01-2018,274.491,2752.148967,3001.135284,5.61855496,2018,1,1
12-01-2018,848.52,2685.1005,3021.046227,6.744671484,2018,1,4
13-01-2018,4619.33,2682.108333,3019.016226,8.43822141,2018,1,5
14-01-2018,697.338,2643.5035,3037.300322,6.548703226,2018,1,6
15-01-2018,2140.28,2599.7385,3034.688644,7.66915906,2018,1,0
16-01-2018,6230.292,2604.006567,3039.870149,8.737338974,2018,1,1
19-01-2018,1376.535,2587.4229,3045.34182,7.228050949,2018,1,4
20-01-2018,767.838,2573.214567,3053.051317,6.644880284,2018,1,5
21-01-2018,2546.643,2630.480867,3035.260482,7.842923897,2018,1,6
22-01-2018,4212.372,2682.990367,3048.973813,8.346018556,2018,1,0
23-01-2018,450.334,2677.0501,3053.285036,6.112207642,2018,1,1
24-01-2018,418.666,2284.8345,2494.377006,6.039459157,2018,1,2
26-01-2018,3055.28,2151.632167,2332.507998,8.024953769,2018,1,4
27-01-2018,331.914,2135.525567,2343.696745,5.807884198,2018,1,5
28-01-2018,1007.52,2164.6249,2323.326752,6.916239189,2018,1,6
29-01-2018,158.642,2135.142033,2343.573043,5.072933808,2018,1,0
30-01-2018,3749.335,2027.924633,2183.027385,8.229600448,2018,1,1
02-02-2018,913.354,1993.7611,2192.478223,6.818217805,2018,2,4
03-02-2018,922.327,1674.9035,1501.111072,6.827983451,2018,2,5
04-02-2018,32.67,1615.0119,1530.29347,3.516607233,2018,2,6
05-02-2018,2263.012,1658.462633,1529.544684,7.72489374,2018,2,0
06-02-2018,904.354,1646.018433,1534.260913,6.808326027,2018,2,1
09-02-2018,773.764,1646.0181,1534.261109,6.652558467,2018,2,4
10-02-2018,227.103,1629.195933,1547.341821,5.429797281,2018,2,5
11-02-2018,1241.516,1621.185533,1548.752424,7.124893635,2018,2,6
13-02-2018,1058.43,1587.148067,1549.551923,6.965486307,2018,2,1
16-02-2018,1337.442,1562.7204,1547.44803,7.19926153,2018,2,4
17-02-2018,2964.8174,1660.42298,1540.096144,7.994907956,2018,2,5
18-02-2018,287.326,1556.81418,1523.805752,5.664091784,2018,2,6
19-02-2018,1314.59,1570.867847,1519.410125,7.182040513,2018,2,0
20-02-2018,1150.29,1600.061147,1501.956563,7.048638332,2018,2,1
21-02-2018,47.904,1573.373947,1522.739631,3.889859193,2018,2,2
23-02-2018,117.8,1423.322947,1431.285071,4.777441407,2018,2,4
24-02-2018,1448.676,1448.367547,1424.702066,7.279095362,2018,2,5
25-02-2018,430.492,1391.374613,1430.256612,6.06724897,2018,2,6
26-02-2018,2467.51,1265.948547,1123.332178,7.811370009,2018,2,0
28-02-2018,17.62,1220.65138,1145.891011,2.924236272,2018,2,2
02-03-2018,1450.126,1243.394313,1143.361973,7.280095086,2018,3,4
03-03-2018,2000.104,1225.176347,1126.104317,7.601454307,2018,3,5
04-03-2018,228.822,1092.391347,988.1303396,5.437305096,2018,3,6
05-03-2018,1240.02,1118.714213,980.9287517,7.123688901,2018,3,0
06-03-2018,778.236,1130.69988,974.254153,6.658313952,2018,3,1
07-03-2018,166.59,1034.410213,918.644273,5.12152052,2018,3,2
08-03-2018,843.1,1051.449747,909.8635746,6.738270971,2018,3,3
09-03-2018,710.804,1041.559213,911.9678426,6.567802593,2018,3,4
10-03-2018,1252.952,1078.036213,897.2006655,7.134055443,2018,3,5
11-03-2018,1973.708,1018.848647,763.5081846,7.588175818,2018,3,6
12-03-2018,353.28,1000.179513,772.9654963,5.870087561,2018,3,0
13-03-2018,4791.35,1129.146947,1037.150087,8.474776176,2018,3,1
14-03-2018,49.616,1129.711813,1036.53675,3.924267732,2018,3,2
16-03-2018,2014.381,1121.424113,1028.122733,7.608563538,2018,3,4
17-03-2018,542.746,1109.370513,1032.864188,6.298482226,2018,3,5
18-03-2018,1027.758,1117.83698,1031.057758,6.936107528,2018,3,6
19-03-2018,2157.308,1182.177147,1033.778243,7.67707986,2018,3,0
20-03-2018,899.568,1170.77888,1034.985847,6.803025675,2018,3,1
21-03-2018,3332.636,1246.585747,1107.237615,8.111818879,2018,3,2
23-03-2018,14816.068,1695.87328,2714.076296,9.603535039,2018,3,4
24-03-2018,1257.298,1638.955967,2704.434645,7.137515293,2018,3,5
25-03-2018,3567.026,1748.2793,2714.183935,8.179767781,2018,3,6
26-03-2018,3252.88,1812.888967,2726.546022,8.087603409,2018,3,0
27-03-2018,2933.516,1872.329833,2731.036901,7.984297812,2018,3,1
28-03-2018,1504.702,1920.889767,2710.351757,7.317014514,2018,3,2
29-03-2018,81.4,1919.676433,2711.19479,4.411585437,2018,3,3
30-03-2018,656.407,1893.267467,2719.785892,6.488303309,2018,3,4
31-03-2018,4981.0108,2044.951427,2761.958512,8.513588864,2018,3,5
01-04-2018,5972.988,2161.800693,2853.10075,8.69516999,2018,4,6
02-04-2018,822.97,2188.645693,2835.967694,6.714134121,2018,4,0
03-04-2018,32.528,2141.392427,2860.402166,3.512380911,2018,4,1
04-04-2018,808.47,2101.671293,2870.687187,6.696379713,2018,4,2
06-04-2018,114.42,2097.857893,2873.335619,4.748577649,2018,4,4
07-04-2018,1971.2905,2122.233577,2868.905703,7.586950837,2018,4,5
08-04-2018,6401.93,2309.690043,2960.331133,8.764510977,2018,4,6
09-04-2018,1626.71,2358.36071,2935.782637,7.394929398,2018,4,0
10-04-2018,755.529,2355.441677,2937.384304,6.628740867,2018,4,1
11-04-2018,319.806,2342.40841,2945.788657,5.770836579,2018,4,2
12-04-2018,69.66,2302.965343,2968.711847,4.257879642,2018,4,3
13-04-2018,1345.824,2282.035877,2973.322876,7.205504507,2018,4,4
14-04-2018,652.93,2292.02421,2967.116983,6.483000312,2018,4,5
15-04-2018,332.338,2143.390477,2949.229552,5.80915699,2018,4,6
16-04-2018,944.429,2173.217577,2931.797265,6.851638793,2018,4,0
17-04-2018,3431.459,2220.45351,2940.55253,8.141032193,2018,4,1
20-04-2018,1053.614,2237.482443,2931.968497,6.960930102,2018,4,4
21-04-2018,1254.564,2245.042643,2929.032555,7.135340153,2018,4,5
22-04-2018,947.692,2204.72211,2938.592018,6.855084194,2018,4,6
23-04-2018,1199.222,2214.710577,2934.509173,7.090261819,2018,4,0
24-04-2018,928.558,2134.574643,2935.753189,6.834709204,2018,4,1
25-04-2018,678.113,1663.309477,1707.781761,6.520787535,2018,4,2
26-04-2018,61.608,1623.453143,1731.373625,4.136893065,2018,4,3
27-04-2018,576.5756,1523.771463,1701.443285,6.358839343,2018,4,4
28-04-2018,795.296,1441.851997,1674.266741,6.679970976,2018,4,5
29-04-2018,1053.26,1379.176797,1651.540569,6.960594378,2018,4,6
30-04-2018,1390.126,1375.357597,1651.372752,7.23786877,2018,4,0
01-05-2018,4108.37,1509.58993,1705.350687,8.321025011,2018,5,1
02-05-2018,399.11,1501.013363,1710.428922,5.991739509,2018,5,2
03-05-2018,1386.346,1381.191203,1579.103759,7.235147848,2018,5,3
04-05-2018,1146.245,1220.29977,1319.711463,7.045118695,2018,5,4
05-05-2018,185.123,1199.038203,1331.419652,5.226407745,2018,5,5
06-05-2018,2991.4018,1297.66733,1351.46996,8.003831622,2018,5,6
07-05-2018,2549.468,1355.700597,1367.029445,7.844032151,2018,5,0
08-05-2018,3658.554,1473.838397,1408.569532,8.205096561,2018,5,1
09-05-2018,1078.222,1444.069447,1407.130165,6.98399569,2018,5,2
11-05-2018,449.469,1245.65408,1061.03776,6.110289262,2018,5,4
12-05-2018,970.384,1223.776547,1059.675356,6.878721859,2018,5,5
13-05-2018,3066.378,1300.804847,1107.379129,8.028578404,2018,5,6
14-05-2018,4182.062,1429.546713,1209.223426,8.338798793,2018,5,0
15-05-2018,421.264,1441.266847,1197.233,6.045630711,2018,5,1
16-05-2018,221.024,1403.773513,1217.761508,5.402785484,2018,5,2
18-05-2018,1830.508,1443.026113,1211.688235,7.51289495,2018,5,4
19-05-2018,4919.182,1595.920913,1348.385881,8.501100801,2018,5,5
20-05-2018,2997.578,1664.359213,1366.166003,8.005893455,2018,5,6
21-05-2018,538.02,1567.911247,1338.975534,6.289752676,2018,5,0
22-05-2018,336.562,1544.009513,1354.7794,5.821749197,2018,5,1
23-05-2018,241.436,1510.23858,1374.723724,5.490737758,2018,5,2
25-05-2018,886.026,1508.183047,1375.639665,6.787874294,2018,5,4
26-05-2018,270.24,1477.21698,1393.178322,5.603004038,2018,5,5
27-05-2018,2084.908,1515.76198,1393.471471,7.642959531,2018,5,6
28-05-2018,1480.103,1542.49498,1384.511561,7.300542359,2018,5,0
29-05-2018,691.108,1563.478313,1365.939366,6.539742013,2018,5,1
30-05-2018,736.8904,1568.82214,1362.253889,6.603795304,2018,5,2
01-06-2018,586.042,1561.847007,1366.87901,6.375096368,2018,6,4
02-06-2018,135.706,1531.261873,1388.742206,4.917832635,2018,6,5
03-06-2018,2952.036,1583.32554,1412.345855,7.990589073,2018,6,6
04-06-2018,279.414,1455.693673,1347.827659,5.636267083,2018,6,0
05-06-2018,491.112,1458.760407,1345.443257,6.198706333,2018,6,1
06-06-2018,31.35,1413.593873,1370.468902,3.476614021,2018,6,2
08-06-2018,2227.038,1449.620307,1377.386883,7.708876657,2018,6,4
09-06-2018,939.133,1474.753973,1360.290751,6.846021355,2018,6,5
10-06-2018,2513.343,1458.81868,1344.621027,7.829766816,2018,6,6
11-06-2018,1580.894,1426.53288,1329.068649,7.366378142,2018,6,0
12-06-2018,1679.968,1360.580013,1261.882807,7.427125097,2018,6,1
13-06-2018,1156.018,1363.173213,1261.362375,7.053601285,2018,6,2
15-06-2018,4057.51,1483.441247,1340.749656,8.30857119,2018,6,4
16-06-2018,2724.194,1541.90158,1355.758992,7.910294897,2018,6,5
17-06-2018,3896.672,1569.578047,1395.835267,8.268134731,2018,6,6
18-06-2018,1031.1555,1464.54783,1308.278847,6.939404613,2018,6,0
19-06-2018,1900.193,1513.845463,1295.411671,7.550236863,2018,6,1
20-06-2018,1028.228,1540.752263,1275.868443,6.936564286,2018,6,2
21-06-2018,595.656,1499.59053,1286.076473,6.391340733,2018,6,3
22-06-2018,579.019,1354.91843,1121.75561,6.363060862,2018,6,4
24-06-2018,1184.684,1294.48863,1078.198214,7.078075102,2018,6,6
25-06-2018,1508.352,1326.83303,1069.239792,7.319435699,2018,6,0
26-06-2018,4224.136,1456.41883,1175.392695,8.348806729,2018,6,1
27-06-2018,1644.906,1503.201163,1153.085488,7.406046271,2018,6,2
29-06-2018,4521.9912,1624.400003,1271.031233,8.416928824,2018,6,4
30-06-2018,4721.977,1772.791237,1363.95377,8.4601946,2018,6,5
01-07-2018,639.83,1724.62197,1377.995829,6.462764211,2018,7,6
02-07-2018,169.192,1680.924937,1406.506954,5.136927212,2018,7,0
03-07-2018,6963.404,1890.00147,1691.592294,8.848567312,2018,7,1
05-07-2018,476.354,1881.316923,1698.37165,6.168258354,2018,7,3
06-07-2018,380.378,1874.461457,1704.185437,5.943791009,2018,7,4
07-07-2018,1620.25,1923.946257,1673.22817,7.390952736,2018,7,5
08-07-2018,1980.264,1891.553857,1662.007592,7.591490304,2018,7,6
09-07-2018,1671.214,1937.94719,1634.654792,7.421903776,2018,7,0
10-07-2018,359.214,1933.55059,1638.852404,5.886698299,2018,7,1
11-07-2018,1728.892,1990.135323,1599.749355,7.455814258,2018,7,2
12-07-2018,3.816,1916.027923,1639.399873,1.571943708,2018,7,3
13-07-2018,504.542,1901.541557,1650.214192,6.225631121,2018,7,4
14-07-2018,3598.934,1937.727923,1675.796836,8.188670791,2018,7,5
15-07-2018,2132.229,1956.105757,1674.77146,7.665392073,2018,7,6
16-07-2018,74.284,1902.582957,1709.204133,4.321267629,2018,7,0
17-07-2018,2191.873,1937.111457,1704.057503,7.692967835,2018,7,1
18-07-2018,2106.794,1872.08759,1656.922847,7.653397182,2018,7,2
20-07-2018,2283.208,1857.388057,1651.048347,7.733774635,2018,7,4
21-07-2018,3683.832,1850.29339,1642.417973,8.211980213,2018,7,5
22-07-2018,556.314,1834.46534,1652.83922,6.323128815,2018,7,6
23-07-2018,898.188,1801.065173,1661.566306,6.801492134,2018,7,0
24-07-2018,2399.96,1846.789573,1658.436646,7.783623936,2018,7,1
25-07-2018,798.742,1853.559107,1653.56089,6.684289176,2018,7,2
26-07-2018,2012.302,1901.335207,1636.079366,7.607531439,2018,7,3
27-07-2018,947.832,1893.44014,1640.223119,6.855231754,2018,7,4
28-07-2018,1170.564,1882.18054,1644.11257,7.066094887,2018,7,5
29-07-2018,1391.294,1787.752473,1585.263957,7.238708025,2018,7,6
30-07-2018,523.376,1750.36814,1601.885825,6.262208984,2018,7,0
31-07-2018,1558.028,1651.569367,1514.041999,7.351817829,2018,7,1
01-08-2018,2085.65,1563.6918,1402.051712,7.643315188,2018,8,2
03-08-2018,514.828,1559.525067,1405.074484,6.245773377,2018,8,4
04-08-2018,20.07,1554.554333,1410.416293,3.047850228,2018,8,5
05-08-2018,503.676,1339.230067,985.1781536,6.223916639,2018,8,6
06-08-2018,1424.026,1370.819133,971.65701,7.261945338,2018,8,0
07-08-2018,3479.624,1474.127333,1025.961447,8.154966867,2018,8,1
10-08-2018,1823.07,1480.888,1027.624441,7.508825547,2018,8,4
11-08-2018,708.726,1438.5034,1032.528064,6.56487898,2018,8,5
12-08-2018,3693.084,1505.899067,1111.228368,8.2144879,2018,8,6
13-08-2018,2643.164,1582.030733,1108.192533,7.880110226,2018,8,0
14-08-2018,440.736,1539.0922,1127.100399,6.090712419,2018,8,1
15-08-2018,1949.872,1603.960733,1091.119848,7.576031731,2018,8,2
16-08-2018,80.564,1589.828133,1108.45897,4.401387988,2018,8,3
17-08-2018,9517.288,1787.1066,1793.400806,9.16097028,2018,8,4
18-08-2018,7078.484,1951.981767,2037.039415,8.864956303,2018,8,5
19-08-2018,512.446,1966.587167,2024.645329,6.241144863,2018,8,6
20-08-2018,692.95,1916.623067,2037.349344,6.542399912,2018,8,0
21-08-2018,8284.534,2122.547733,2346.052839,9.022266382,2018,8,1
22-08-2018,524.54,2063.925467,2363.805185,6.264426305,2018,8,2
23-08-2018,4590.344,2094.142533,2390.86606,8.431928071,2018,8,3
24-08-2018,685.056,2098.433933,2388.124576,6.530959257,2018,8,4
25-08-2018,361.988,2080.5606,2399.397203,5.894369776,2018,8,5
26-08-2018,190.66,2006.917267,2423.043892,5.255722969,2018,8,6
27-08-2018,6190.538,2186.6438,2528.029459,8.7309388,2018,8,0
28-08-2018,1443.632,2167.688133,2531.511389,7.275609897,2018,8,1
29-08-2018,235.468,2143.942667,2546.643888,5.465812892,2018,8,2
31-08-2018,3162.83,2210.351533,2546.361968,8.059538598,2018,8,4
01-09-2018,1261.81,2206.0354,2547.90743,7.141094676,2018,9,5
02-09-2018,8652.334,2477.000667,2784.092086,9.065699959,2018,9,6
03-09-2018,1595.849,2478.261367,2783.670136,7.375787591,2018,9,0
04-09-2018,5360.202,2587.4131,2831.532901,8.586943483,2018,9,1
05-09-2018,327.044,2581.153633,2836.475852,5.793147746,2018,9,2
07-09-2018,3848.565,2708.770133,2803.205466,8.255715434,2018,9,4
08-09-2018,2184.327,2764.791833,2774.261711,7.689520753,2018,9,5
09-09-2018,4356.061,2862.526333,2777.044054,8.379553026,2018,9,6
10-09-2018,2506.646,2830.093733,2775.269616,7.827099743,2018,9,0
11-09-2018,5564.006,2954.7916,2812.258968,8.624253342,2018,9,1
12-09-2018,491.55,2947.5524,2818.512636,6.199595978,2018,9,2
13-09-2018,15.92,2824.980267,2864.553429,2.828496354,2018,9,3
14-09-2018,3471.403,2852.588233,2866.731067,8.15260214,2018,9,4
15-09-2018,7285.026,3080.731233,2939.58864,8.893713546,2018,9,5
16-09-2018,831.65,3043.457167,2961.430822,6.724613386,2018,9,6
17-09-2018,4979.226,3206.7459,2927.283498,8.513230551,2018,9,0
18-09-2018,1511.93,2939.900633,2687.223533,7.321803447,2018,9,1
19-09-2018,1648.188,2758.890767,2579.572614,7.408038325,2018,9,2
20-09-2018,7359.918,2987.139833,2675.11946,8.903939932,2018,9,3
21-09-2018,338.172,2975.3139,2686.371657,5.826507353,2018,9,4
22-09-2018,7871.213,2961.536533,2659.125492,8.971094496,2018,9,5
23-09-2018,2395.786,3023.9114,2621.672972,7.781883952,2018,9,6
24-09-2018,6450.462,3085.915333,2681.315357,8.772062051,2018,9,0
25-09-2018,1412.213,3110.1539,2662.081361,7.253621114,2018,9,1
26-09-2018,1486.576,3147.640167,2629.77035,7.304903229,2018,9,2
28-09-2018,559.271,3159.9272,2616.304744,6.328420595,2018,9,4
29-09-2018,1846.78,3015.135267,2562.442783,7.521740197,2018,9,5
30-09-2018,540.76,2985.039533,2586.723499,6.294823099,2018,9,6
01-10-2018,2978.466,3076.4728,2534.126481,7.999499369,2018,10,0
02-10-2018,5418.022,3151.645867,2569.972354,8.597670635,2018,10,1
03-10-2018,2504.48,3193.0682,2548.385891,7.826235612,2018,10,2
04-10-2018,19.98,2905.323067,2393.344483,3.043569603,2018,10,3
05-10-2018,6684.616,3074.948633,2476.231734,8.807713632,2018,10,4
06-10-2018,1180.82,2935.6359,2460.747599,7.074810902,2018,10,5
07-10-2018,2749.21,3016.374767,2411.449153,7.919432551,2018,10,6
08-10-2018,608.356,2908.3678,2445.217515,6.412402662,2018,10,0
09-10-2018,1496.589,2885.4432,2455.442164,7.311611761,2018,10,1
10-10-2018,239.358,2748.219767,2485.272707,5.482129479,2018,10,2
12-10-2018,5625.394,2852.178033,2539.456815,8.635224019,2018,10,4
13-10-2018,8405.802,2946.904567,2692.492252,9.036796419,2018,10,5
14-10-2018,134.332,2934.9973,2704.48839,4.907731019,2018,10,6
15-10-2018,1017.94,2968.397967,2673.200938,6.92651815,2018,10,0
16-10-2018,3473.597,2968.4711,2673.215204,8.15323378,2018,10,1
17-10-2018,126.352,2729.848633,2592.915285,4.846954906,2018,10,2
19-10-2018,2781.8702,2794.855973,2568.011777,7.93123812,2018,10,4
20-10-2018,1333.858,2673.343707,2547.249605,7.196580198,2018,10,5
21-10-2018,4537.201,2774.186073,2559.538904,8.420285957,2018,10,6
22-10-2018,15158.877,3224.542373,3403.92277,9.626407546,2018,10,0
23-10-2018,3352.394,3090.95824,3313.471402,8.117728246,2018,10,1
24-10-2018,529.085,3097.322007,3308.181273,6.273037371,2018,10,2
26-10-2018,999.868,2868.277173,3202.44125,6.908622902,2018,10,4
27-10-2018,1086.32,2824.628307,3217.989496,6.991471232,2018,10,5
28-10-2018,408.726,2623.237107,3171.975328,6.015488644,2018,10,6
29-10-2018,46.96,2577.728673,3199.622234,3.87036733,2018,10,0
30-10-2018,4025.73,2662.36714,3203.344558,8.300709911,2018,10,1
31-10-2018,523.928,2661.18904,3204.151087,6.26326111,2018,10,2
01-11-2018,2921.43,2697.010707,3200.737571,7.980170741,2018,11,3
02-11-2018,6294.386,2888.79824,3239.22685,8.747572263,2018,11,4
03-11-2018,4536.937,2940.747273,3253.181398,8.420227782,2018,11,5
04-11-2018,10668.096,3115.74974,3521.21031,9.275106617,2018,11,6
05-11-2018,2355.064,3110.769207,3522.210255,7.764747709,2018,11,0
06-11-2018,4288.75,3253.06154,3479.00221,8.363983735,2018,11,1
07-11-2018,2413.378,3110.68694,3420.635258,7.789196976,2018,11,2
08-11-2018,384.1,3084.129607,3439.177692,5.953503041,2018,11,3
09-11-2018,4751.492,3150.87234,3451.859275,8.466424391,2018,11,4
10-11-2018,4007.548,3264.17874,3421.17642,8.29618436,2018,11,5
11-11-2018,1815.218,3274.799707,3415.990412,7.504511596,2018,11,6
12-11-2018,2911.386,3363.867307,3368.622436,7.976727955,2018,11,0
13-11-2018,6633.4202,3397.46818,3396.867213,8.800026558,2018,11,1
14-11-2018,834.658,3145.096713,3291.558412,6.728219438,2018,11,2
15-11-2018,559.2,3159.25898,3279.047839,6.328293863,2018,11,3
16-11-2018,4755.234,3283.835447,3265.856795,8.467211458,2018,11,4
17-11-2018,13408.7928,3615.00864,3753.147089,9.503740525,2018,11,5
18-11-2018,1469.756,3659.788773,3717.936511,7.293531833,2018,11,6
19-11-2018,7397.272,3813.6355,3775.40352,8.909001738,2018,11,0
20-11-2018,2988.274,3868.7827,3749.929513,8.002785828,2018,11,1
21-11-2018,2236.184,3792.082133,3759.306958,7.712973211,2018,11,2
22-11-2018,35.712,3287.976633,3146.546524,3.603103677,2018,11,3
23-11-2018,1153.109,3214.667133,3170.522515,7.051083897,2018,11,4
24-11-2018,4736.061,3354.899667,3140.538667,8.46317218,2018,11,5
25-11-2018,3666.157,3443.775967,3109.164693,8.207171981,2018,11,6
26-11-2018,5048.172,3575.8377,3089.657533,8.526979548,2018,11,0
27-11-2018,1618.254,3616.1553,3054.596867,7.389720828,2018,11,1
28-11-2018,6912.944,3845.021433,3035.108179,8.841295521,2018,11,2
29-11-2018,491.888,3727.2267,3095.821145,6.200281968,2018,11,3
30-11-2018,6645.282,3931.271833,3079.095479,8.80181288,2018,11,4
01-12-2018,5331.178,4011.596767,3083.272075,8.581515064,2018,12,5
02-12-2018,9951.182,4133.489967,3244.689249,9.205547103,2018,12,6
03-12-2018,1403.842,4029.053467,3281.469606,7.24768012,2018,12,0
04-12-2018,2639.638,3761.4382,3039.840582,7.878775834,2018,12,1
05-12-2018,1248.106,3724.5396,3064.121617,7.130183374,2018,12,2
06-12-2018,10.68,3581.937267,3135.672145,2.457877977,2018,12,3
07-12-2018,2916.514,3598.708467,3130.547894,7.978487163,2018,12,4
08-12-2018,7643.041,3840.673167,3153.958017,8.941681669,2018,12,5
09-12-2018,5470.39,3864.636433,3163.83248,8.607287976,2018,12,6
10-12-2018,3873.559,3860.170133,3163.718351,8.262187129,2018,12,0
11-12-2018,2025.035,3867.164033,3159.270565,7.61383596,2018,12,1
13-12-2018,580.936,3789.482367,3211.796545,6.366360476,2018,12,3
14-12-2018,3897.714,3698.29216,3166.787432,8.268402034,2018,12,4
15-12-2018,306.888,3680.699827,3184.659747,5.72973608,2018,12,5
16-12-2018,858.702,3690.683227,3174.991685,6.756585818,2018,12,6
17-12-2018,2027.758,3599.76736,3182.498882,7.615179062,2018,12,0
18-12-2018,3645.911,3274.337967,2588.626952,8.201635787,2018,12,1
19-12-2018,1895.926,3288.543633,2579.53581,7.54798996,2018,12,2
20-12-2018,377.736,3054.5591,2511.455371,5.936839392,2018,12,3
21-12-2018,2140.94,3026.314633,2516.985115,7.669467239,2018,12,4
22-12-2018,7442.021,3199.842533,2637.213827,8.915032094,2018,12,5
23-12-2018,1926.776,3262.878,2580.976683,7.564122286,2018,12,6
24-12-2018,6233.054,3432.2095,2604.322694,8.737782122,2018,12,0
25-12-2018,2698.927,3364.305033,2595.697688,7.900980015,2018,12,1
26-12-2018,814.594,3269.252933,2636.158469,6.703916682,2018,12,2
27-12-2018,177.636,3106.901733,2672.551523,5.185350216,2018,12,3
28-12-2018,1657.3508,3108.20496,2671.810006,7.413578894,2018,12,4
29-12-2018,2915.534,2974.95796,2573.384545,7.978151204,2018,12,5
30-12-2018,713.79,2982.354693,2566.310483,6.571988793,2018,12,6
